,Estimated Resident Population ;  Male ;  0 ;,Estimated Resident Population ;  Male ;  1 ;,Estimated Resident Population ;  Male ;  2 ;,Estimated Resident Population ;  Male ;  3 ;,Estimated Resident Population ;  Male ;  4 ;,Estimated Resident Population ;  Male ;  5 ;,Estimated Resident Population ;  Male ;  6 ;,Estimated Resident Population ;  Male ;  7 ;,Estimated Resident Population ;  Male ;  8 ;,Estimated Resident Population ;  Male ;  9 ;,Estimated Resident Population ;  Male ;  10 ;,Estimated Resident Population ;  Male ;  11 ;,Estimated Resident Population ;  Male ;  12 ;,Estimated Resident Population ;  Male ;  13 ;,Estimated Resident Population ;  Male ;  14 ;,Estimated Resident Population ;  Male ;  15 ;,Estimated Resident Population ;  Male ;  16 ;,Estimated Resident Population ;  Male ;  17 ;,Estimated Resident Population ;  Male ;  18 ;,Estimated Resident Population ;  Male ;  19 ;,Estimated Resident Population ;  Male ;  20 ;,Estimated Resident Population ;  Male ;  21 ;,Estimated Resident Population ;  Male ;  22 ;,Estimated Resident Population ;  Male ;  23 ;,Estimated Resident Population ;  Male ;  24 ;,Estimated Resident Population ;  Male ;  25 ;,Estimated Resident Population ;  Male ;  26 ;,Estimated Resident Population ;  Male ;  27 ;,Estimated Resident Population ;  Male ;  28 ;,Estimated Resident Population ;  Male ;  29 ;,Estimated Resident Population ;  Male ;  30 ;,Estimated Resident Population ;  Male ;  31 ;,Estimated Resident Population ;  Male ;  32 ;,Estimated Resident Population ;  Male ;  33 ;,Estimated Resident Population ;  Male ;  34 ;,Estimated Resident Population ;  Male ;  35 ;,Estimated Resident Population ;  Male ;  36 ;,Estimated Resident Population ;  Male ;  37 ;,Estimated Resident Population ;  Male ;  38 ;,Estimated Resident Population ;  Male ;  39 ;,Estimated Resident Population ;  Male ;  40 ;,Estimated Resident Population ;  Male ;  41 ;,Estimated Resident Population ;  Male ;  42 ;,Estimated Resident Population ;  Male ;  43 ;,Estimated Resident Population ;  Male ;  44 ;,Estimated Resident Population ;  Male ;  45 ;,Estimated Resident Population ;  Male ;  46 ;,Estimated Resident Population ;  Male ;  47 ;,Estimated Resident Population ;  Male ;  48 ;,Estimated Resident Population ;  Male ;  49 ;,Estimated Resident Population ;  Male ;  50 ;,Estimated Resident Population ;  Male ;  51 ;,Estimated Resident Population ;  Male ;  52 ;,Estimated Resident Population ;  Male ;  53 ;,Estimated Resident Population ;  Male ;  54 ;,Estimated Resident Population ;  Male ;  55 ;,Estimated Resident Population ;  Male ;  56 ;,Estimated Resident Population ;  Male ;  57 ;,Estimated Resident Population ;  Male ;  58 ;,Estimated Resident Population ;  Male ;  59 ;,Estimated Resident Population ;  Male ;  60 ;,Estimated Resident Population ;  Male ;  61 ;,Estimated Resident Population ;  Male ;  62 ;,Estimated Resident Population ;  Male ;  63 ;,Estimated Resident Population ;  Male ;  64 ;,Estimated Resident Population ;  Male ;  65 ;,Estimated Resident Population ;  Male ;  66 ;,Estimated Resident Population ;  Male ;  67 ;,Estimated Resident Population ;  Male ;  68 ;,Estimated Resident Population ;  Male ;  69 ;,Estimated Resident Population ;  Male ;  70 ;,Estimated Resident Population ;  Male ;  71 ;,Estimated Resident Population ;  Male ;  72 ;,Estimated Resident Population ;  Male ;  73 ;,Estimated Resident Population ;  Male ;  74 ;,Estimated Resident Population ;  Male ;  75 ;,Estimated Resident Population ;  Male ;  76 ;,Estimated Resident Population ;  Male ;  77 ;,Estimated Resident Population ;  Male ;  78 ;,Estimated Resident Population ;  Male ;  79 ;,Estimated Resident Population ;  Male ;  80 ;,Estimated Resident Population ;  Male ;  81 ;,Estimated Resident Population ;  Male ;  82 ;,Estimated Resident Population ;  Male ;  83 ;,Estimated Resident Population ;  Male ;  84 ;,Estimated Resident Population ;  Male ;  85 ;,Estimated Resident Population ;  Male ;  86 ;,Estimated Resident Population ;  Male ;  87 ;,Estimated Resident Population ;  Male ;  88 ;,Estimated Resident Population ;  Male ;  89 ;,Estimated Resident Population ;  Male ;  90 ;,Estimated Resident Population ;  Male ;  91 ;,Estimated Resident Population ;  Male ;  92 ;,Estimated Resident Population ;  Male ;  93 ;,Estimated Resident Population ;  Male ;  94 ;,Estimated Resident Population ;  Male ;  95 ;,Estimated Resident Population ;  Male ;  96 ;,Estimated Resident Population ;  Male ;  97 ;,Estimated Resident Population ;  Male ;  98 ;,Estimated Resident Population ;  Male ;  99 ;,Estimated Resident Population ;  Male ;  100 and over ;,Estimated Resident Population ;  Female ;  0 ;,Estimated Resident Population ;  Female ;  1 ;,Estimated Resident Population ;  Female ;  2 ;,Estimated Resident Population ;  Female ;  3 ;,Estimated Resident Population ;  Female ;  4 ;,Estimated Resident Population ;  Female ;  5 ;,Estimated Resident Population ;  Female ;  6 ;,Estimated Resident Population ;  Female ;  7 ;,Estimated Resident Population ;  Female ;  8 ;,Estimated Resident Population ;  Female ;  9 ;,Estimated Resident Population ;  Female ;  10 ;,Estimated Resident Population ;  Female ;  11 ;,Estimated Resident Population ;  Female ;  12 ;,Estimated Resident Population ;  Female ;  13 ;,Estimated Resident Population ;  Female ;  14 ;,Estimated Resident Population ;  Female ;  15 ;,Estimated Resident Population ;  Female ;  16 ;,Estimated Resident Population ;  Female ;  17 ;,Estimated Resident Population ;  Female ;  18 ;,Estimated Resident Population ;  Female ;  19 ;,Estimated Resident Population ;  Female ;  20 ;,Estimated Resident Population ;  Female ;  21 ;,Estimated Resident Population ;  Female ;  22 ;,Estimated Resident Population ;  Female ;  23 ;,Estimated Resident Population ;  Female ;  24 ;,Estimated Resident Population ;  Female ;  25 ;,Estimated Resident Population ;  Female ;  26 ;,Estimated Resident Population ;  Female ;  27 ;,Estimated Resident Population ;  Female ;  28 ;,Estimated Resident Population ;  Female ;  29 ;,Estimated Resident Population ;  Female ;  30 ;,Estimated Resident Population ;  Female ;  31 ;,Estimated Resident Population ;  Female ;  32 ;,Estimated Resident Population ;  Female ;  33 ;,Estimated Resident Population ;  Female ;  34 ;,Estimated Resident Population ;  Female ;  35 ;,Estimated Resident Population ;  Female ;  36 ;,Estimated Resident Population ;  Female ;  37 ;,Estimated Resident Population ;  Female ;  38 ;,Estimated Resident Population ;  Female ;  39 ;,Estimated Resident Population ;  Female ;  40 ;,Estimated Resident Population ;  Female ;  41 ;,Estimated Resident Population ;  Female ;  42 ;,Estimated Resident Population ;  Female ;  43 ;,Estimated Resident Population ;  Female ;  44 ;,Estimated Resident Population ;  Female ;  45 ;,Estimated Resident Population ;  Female ;  46 ;,Estimated Resident Population ;  Female ;  47 ;,Estimated Resident Population ;  Female ;  48 ;,Estimated Resident Population ;  Female ;  49 ;,Estimated Resident Population ;  Female ;  50 ;,Estimated Resident Population ;  Female ;  51 ;,Estimated Resident Population ;  Female ;  52 ;,Estimated Resident Population ;  Female ;  53 ;,Estimated Resident Population ;  Female ;  54 ;,Estimated Resident Population ;  Female ;  55 ;,Estimated Resident Population ;  Female ;  56 ;,Estimated Resident Population ;  Female ;  57 ;,Estimated Resident Population ;  Female ;  58 ;,Estimated Resident Population ;  Female ;  59 ;,Estimated Resident Population ;  Female ;  60 ;,Estimated Resident Population ;  Female ;  61 ;,Estimated Resident Population ;  Female ;  62 ;,Estimated Resident Population ;  Female ;  63 ;,Estimated Resident Population ;  Female ;  64 ;,Estimated Resident Population ;  Female ;  65 ;,Estimated Resident Population ;  Female ;  66 ;,Estimated Resident Population ;  Female ;  67 ;,Estimated Resident Population ;  Female ;  68 ;,Estimated Resident Population ;  Female ;  69 ;,Estimated Resident Population ;  Female ;  70 ;,Estimated Resident Population ;  Female ;  71 ;,Estimated Resident Population ;  Female ;  72 ;,Estimated Resident Population ;  Female ;  73 ;,Estimated Resident Population ;  Female ;  74 ;,Estimated Resident Population ;  Female ;  75 ;,Estimated Resident Population ;  Female ;  76 ;,Estimated Resident Population ;  Female ;  77 ;,Estimated Resident Population ;  Female ;  78 ;,Estimated Resident Population ;  Female ;  79 ;,Estimated Resident Population ;  Female ;  80 ;,Estimated Resident Population ;  Female ;  81 ;,Estimated Resident Population ;  Female ;  82 ;,Estimated Resident Population ;  Female ;  83 ;,Estimated Resident Population ;  Female ;  84 ;,Estimated Resident Population ;  Female ;  85 ;,Estimated Resident Population ;  Female ;  86 ;,Estimated Resident Population ;  Female ;  87 ;,Estimated Resident Population ;  Female ;  88 ;,Estimated Resident Population ;  Female ;  89 ;,Estimated Resident Population ;  Female ;  90 ;,Estimated Resident Population ;  Female ;  91 ;,Estimated Resident Population ;  Female ;  92 ;,Estimated Resident Population ;  Female ;  93 ;,Estimated Resident Population ;  Female ;  94 ;,Estimated Resident Population ;  Female ;  95 ;,Estimated Resident Population ;  Female ;  96 ;,Estimated Resident Population ;  Female ;  97 ;,Estimated Resident Population ;  Female ;  98 ;,Estimated Resident Population ;  Female ;  99 ;,Estimated Resident Population ;  Female ;  100 and over ;,Estimated Resident Population ;  Persons ;  0 ;,Estimated Resident Population ;  Persons ;  1 ;,Estimated Resident Population ;  Persons ;  2 ;,Estimated Resident Population ;  Persons ;  3 ;,Estimated Resident Population ;  Persons ;  4 ;,Estimated Resident Population ;  Persons ;  5 ;,Estimated Resident Population ;  Persons ;  6 ;,Estimated Resident Population ;  Persons ;  7 ;,Estimated Resident Population ;  Persons ;  8 ;,Estimated Resident Population ;  Persons ;  9 ;,Estimated Resident Population ;  Persons ;  10 ;,Estimated Resident Population ;  Persons ;  11 ;,Estimated Resident Population ;  Persons ;  12 ;,Estimated Resident Population ;  Persons ;  13 ;,Estimated Resident Population ;  Persons ;  14 ;,Estimated Resident Population ;  Persons ;  15 ;,Estimated Resident Population ;  Persons ;  16 ;,Estimated Resident Population ;  Persons ;  17 ;,Estimated Resident Population ;  Persons ;  18 ;,Estimated Resident Population ;  Persons ;  19 ;,Estimated Resident Population ;  Persons ;  20 ;,Estimated Resident Population ;  Persons ;  21 ;,Estimated Resident Population ;  Persons ;  22 ;,Estimated Resident Population ;  Persons ;  23 ;,Estimated Resident Population ;  Persons ;  24 ;,Estimated Resident Population ;  Persons ;  25 ;,Estimated Resident Population ;  Persons ;  26 ;,Estimated Resident Population ;  Persons ;  27 ;,Estimated Resident Population ;  Persons ;  28 ;,Estimated Resident Population ;  Persons ;  29 ;,Estimated Resident Population ;  Persons ;  30 ;,Estimated Resident Population ;  Persons ;  31 ;,Estimated Resident Population ;  Persons ;  32 ;,Estimated Resident Population ;  Persons ;  33 ;,Estimated Resident Population ;  Persons ;  34 ;,Estimated Resident Population ;  Persons ;  35 ;,Estimated Resident Population ;  Persons ;  36 ;,Estimated Resident Population ;  Persons ;  37 ;,Estimated Resident Population ;  Persons ;  38 ;,Estimated Resident Population ;  Persons ;  39 ;,Estimated Resident Population ;  Persons ;  40 ;,Estimated Resident Population ;  Persons ;  41 ;,Estimated Resident Population ;  Persons ;  42 ;,Estimated Resident Population ;  Persons ;  43 ;,Estimated Resident Population ;  Persons ;  44 ;,Estimated Resident Population ;  Persons ;  45 ;,Estimated Resident Population ;  Persons ;  46 ;,Estimated Resident Population ;  Persons ;  47 ;
Unit,Persons,Persons,Persons,Persons,Persons,Persons,Persons,Persons,Persons,Persons,Persons,Persons,Persons,Persons,Persons,Persons,Persons,Persons,Persons,Persons,Persons,Persons,Persons,Persons,Persons,Persons,Persons,Persons,Persons,Persons,Persons,Persons,Persons,Persons,Persons,Persons,Persons,Persons,Persons,Persons,Persons,Persons,Persons,Persons,Persons,Persons,Persons,Persons,Persons,Persons,Persons,Persons,Persons,Persons,Persons,Persons,Persons,Persons,Persons,Persons,Persons,Persons,Persons,Persons,Persons,Persons,Persons,Persons,Persons,Persons,Persons,Persons,Persons,Persons,Persons,Persons,Persons,Persons,Persons,Persons,Persons,Persons,Persons,Persons,Persons,Persons,Persons,Persons,Persons,Persons,Persons,Persons,Persons,Persons,Persons,Persons,Persons,Persons,Persons,Persons,Persons,Persons,Persons,Persons,Persons,Persons,Persons,Persons,Persons,Persons,Persons,Persons,Persons,Persons,Persons,Persons,Persons,Persons,Persons,Persons,Persons,Persons,Persons,Persons,Persons,Persons,Persons,Persons,Persons,Persons,Persons,Persons,Persons,Persons,Persons,Persons,Persons,Persons,Persons,Persons,Persons,Persons,Persons,Persons,Persons,Persons,Persons,Persons,Persons,Persons,Persons,Persons,Persons,Persons,Persons,Persons,Persons,Persons,Persons,Persons,Persons,Persons,Persons,Persons,Persons,Persons,Persons,Persons,Persons,Persons,Persons,Persons,Persons,Persons,Persons,Persons,Persons,Persons,Persons,Persons,Persons,Persons,Persons,Persons,Persons,Persons,Persons,Persons,Persons,Persons,Persons,Persons,Persons,Persons,Persons,Persons,Persons,Persons,Persons,Persons,Persons,Persons,Persons,Persons,Persons,Persons,Persons,Persons,Persons,Persons,Persons,Persons,Persons,Persons,Persons,Persons,Persons,Persons,Persons,Persons,Persons,Persons,Persons,Persons,Persons,Persons,Persons,Persons,Persons,Persons,Persons,Persons,Persons,Persons,Persons,Persons,Persons,Persons,Persons,Persons,Persons,Persons,Persons,Persons,Persons,Persons,Persons,Persons,Persons,Persons
Series Type,Original,Original,Original,Original,Original,Original,Original,Original,Original,Original,Original,Original,Original,Original,Original,Original,Original,Original,Original,Original,Original,Original,Original,Original,Original,Original,Original,Original,Original,Original,Original,Original,Original,Original,Original,Original,Original,Original,Original,Original,Original,Original,Original,Original,Original,Original,Original,Original,Original,Original,Original,Original,Original,Original,Original,Original,Original,Original,Original,Original,Original,Original,Original,Original,Original,Original,Original,Original,Original,Original,Original,Original,Original,Original,Original,Original,Original,Original,Original,Original,Original,Original,Original,Original,Original,Original,Original,Original,Original,Original,Original,Original,Original,Original,Original,Original,Original,Original,Original,Original,Original,Original,Original,Original,Original,Original,Original,Original,Original,Original,Original,Original,Original,Original,Original,Original,Original,Original,Original,Original,Original,Original,Original,Original,Original,Original,Original,Original,Original,Original,Original,Original,Original,Original,Original,Original,Original,Original,Original,Original,Original,Original,Original,Original,Original,Original,Original,Original,Original,Original,Original,Original,Original,Original,Original,Original,Original,Original,Original,Original,Original,Original,Original,Original,Original,Original,Original,Original,Original,Original,Original,Original,Original,Original,Original,Original,Original,Original,Original,Original,Original,Original,Original,Original,Original,Original,Original,Original,Original,Original,Original,Original,Original,Original,Original,Original,Original,Original,Original,Original,Original,Original,Original,Original,Original,Original,Original,Original,Original,Original,Original,Original,Original,Original,Original,Original,Original,Original,Original,Original,Original,Original,Original,Original,Original,Original,Original,Original,Original,Original,Original,Original,Original,Original,Original,Original,Original,Original,Original,Original,Original,Original,Original,Original,Original,Original,Original,Original,Original,Original
Data Type,STOCK,STOCK,STOCK,STOCK,STOCK,STOCK,STOCK,STOCK,STOCK,STOCK,STOCK,STOCK,STOCK,STOCK,STOCK,STOCK,STOCK,STOCK,STOCK,STOCK,STOCK,STOCK,STOCK,STOCK,STOCK,STOCK,STOCK,STOCK,STOCK,STOCK,STOCK,STOCK,STOCK,STOCK,STOCK,STOCK,STOCK,STOCK,STOCK,STOCK,STOCK,STOCK,STOCK,STOCK,STOCK,STOCK,STOCK,STOCK,STOCK,STOCK,STOCK,STOCK,STOCK,STOCK,STOCK,STOCK,STOCK,STOCK,STOCK,STOCK,STOCK,STOCK,STOCK,STOCK,STOCK,STOCK,STOCK,STOCK,STOCK,STOCK,STOCK,STOCK,STOCK,STOCK,STOCK,STOCK,STOCK,STOCK,STOCK,STOCK,STOCK,STOCK,STOCK,STOCK,STOCK,STOCK,STOCK,STOCK,STOCK,STOCK,STOCK,STOCK,STOCK,STOCK,STOCK,STOCK,STOCK,STOCK,STOCK,STOCK,STOCK,STOCK,STOCK,STOCK,STOCK,STOCK,STOCK,STOCK,STOCK,STOCK,STOCK,STOCK,STOCK,STOCK,STOCK,STOCK,STOCK,STOCK,STOCK,STOCK,STOCK,STOCK,STOCK,STOCK,STOCK,STOCK,STOCK,STOCK,STOCK,STOCK,STOCK,STOCK,STOCK,STOCK,STOCK,STOCK,STOCK,STOCK,STOCK,STOCK,STOCK,STOCK,STOCK,STOCK,STOCK,STOCK,STOCK,STOCK,STOCK,STOCK,STOCK,STOCK,STOCK,STOCK,STOCK,STOCK,STOCK,STOCK,STOCK,STOCK,STOCK,STOCK,STOCK,STOCK,STOCK,STOCK,STOCK,STOCK,STOCK,STOCK,STOCK,STOCK,STOCK,STOCK,STOCK,STOCK,STOCK,STOCK,STOCK,STOCK,STOCK,STOCK,STOCK,STOCK,STOCK,STOCK,STOCK,STOCK,STOCK,STOCK,STOCK,STOCK,STOCK,STOCK,STOCK,STOCK,STOCK,STOCK,STOCK,STOCK,STOCK,STOCK,STOCK,STOCK,STOCK,STOCK,STOCK,STOCK,STOCK,STOCK,STOCK,STOCK,STOCK,STOCK,STOCK,STOCK,STOCK,STOCK,STOCK,STOCK,STOCK,STOCK,STOCK,STOCK,STOCK,STOCK,STOCK,STOCK,STOCK,STOCK,STOCK,STOCK,STOCK,STOCK,STOCK,STOCK,STOCK,STOCK,STOCK,STOCK,STOCK,STOCK,STOCK,STOCK,STOCK,STOCK,STOCK,STOCK,STOCK,STOCK
Frequency,Annual,Annual,Annual,Annual,Annual,Annual,Annual,Annual,Annual,Annual,Annual,Annual,Annual,Annual,Annual,Annual,Annual,Annual,Annual,Annual,Annual,Annual,Annual,Annual,Annual,Annual,Annual,Annual,Annual,Annual,Annual,Annual,Annual,Annual,Annual,Annual,Annual,Annual,Annual,Annual,Annual,Annual,Annual,Annual,Annual,Annual,Annual,Annual,Annual,Annual,Annual,Annual,Annual,Annual,Annual,Annual,Annual,Annual,Annual,Annual,Annual,Annual,Annual,Annual,Annual,Annual,Annual,Annual,Annual,Annual,Annual,Annual,Annual,Annual,Annual,Annual,Annual,Annual,Annual,Annual,Annual,Annual,Annual,Annual,Annual,Annual,Annual,Annual,Annual,Annual,Annual,Annual,Annual,Annual,Annual,Annual,Annual,Annual,Annual,Annual,Annual,Annual,Annual,Annual,Annual,Annual,Annual,Annual,Annual,Annual,Annual,Annual,Annual,Annual,Annual,Annual,Annual,Annual,Annual,Annual,Annual,Annual,Annual,Annual,Annual,Annual,Annual,Annual,Annual,Annual,Annual,Annual,Annual,Annual,Annual,Annual,Annual,Annual,Annual,Annual,Annual,Annual,Annual,Annual,Annual,Annual,Annual,Annual,Annual,Annual,Annual,Annual,Annual,Annual,Annual,Annual,Annual,Annual,Annual,Annual,Annual,Annual,Annual,Annual,Annual,Annual,Annual,Annual,Annual,Annual,Annual,Annual,Annual,Annual,Annual,Annual,Annual,Annual,Annual,Annual,Annual,Annual,Annual,Annual,Annual,Annual,Annual,Annual,Annual,Annual,Annual,Annual,Annual,Annual,Annual,Annual,Annual,Annual,Annual,Annual,Annual,Annual,Annual,Annual,Annual,Annual,Annual,Annual,Annual,Annual,Annual,Annual,Annual,Annual,Annual,Annual,Annual,Annual,Annual,Annual,Annual,Annual,Annual,Annual,Annual,Annual,Annual,Annual,Annual,Annual,Annual,Annual,Annual,Annual,Annual,Annual,Annual,Annual,Annual,Annual,Annual,Annual,Annual,Annual,Annual,Annual,Annual,Annual,Annual,Annual
Collection Month,12,12,12,12,12,12,12,12,12,12,12,12,12,12,12,12,12,12,12,12,12,12,12,12,12,12,12,12,12,12,12,12,12,12,12,12,12,12,12,12,12,12,12,12,12,12,12,12,12,12,12,12,12,12,12,12,12,12,12,12,12,12,12,12,12,12,12,12,12,12,12,12,12,12,12,12,12,12,12,12,12,12,12,12,12,12,12,12,12,12,12,12,12,12,12,12,12,12,12,12,12,12,12,12,12,12,12,12,12,12,12,12,12,12,12,12,12,12,12,12,12,12,12,12,12,12,12,12,12,12,12,12,12,12,12,12,12,12,12,12,12,12,12,12,12,12,12,12,12,12,12,12,12,12,12,12,12,12,12,12,12,12,12,12,12,12,12,12,12,12,12,12,12,12,12,12,12,12,12,12,12,12,12,12,12,12,12,12,12,12,12,12,12,12,12,12,12,12,12,12,12,12,12,12,12,12,12,12,12,12,12,12,12,12,12,12,12,12,12,12,12,12,12,12,12,12,12,12,12,12,12,12,12,12,12,12,12,12,12,12,12,12,12,12,12,12,12,12,12,12
Series Start,Jun-1971,Jun-1971,Jun-1971,Jun-1971,Jun-1971,Jun-1971,Jun-1971,Jun-1971,Jun-1971,Jun-1971,Jun-1971,Jun-1971,Jun-1971,Jun-1971,Jun-1971,Jun-1971,Jun-1971,Jun-1971,Jun-1971,Jun-1971,Jun-1971,Jun-1971,Jun-1971,Jun-1971,Jun-1971,Jun-1971,Jun-1971,Jun-1971,Jun-1971,Jun-1971,Jun-1971,Jun-1971,Jun-1971,Jun-1971,Jun-1971,Jun-1971,Jun-1971,Jun-1971,Jun-1971,Jun-1971,Jun-1971,Jun-1971,Jun-1971,Jun-1971,Jun-1971,Jun-1971,Jun-1971,Jun-1971,Jun-1971,Jun-1971,Jun-1971,Jun-1971,Jun-1971,Jun-1971,Jun-1971,Jun-1971,Jun-1971,Jun-1971,Jun-1971,Jun-1971,Jun-1971,Jun-1971,Jun-1971,Jun-1971,Jun-1971,Jun-1971,Jun-1971,Jun-1971,Jun-1971,Jun-1971,Jun-1971,Jun-1971,Jun-1971,Jun-1971,Jun-1971,Jun-1971,Jun-1971,Jun-1971,Jun-1971,Jun-1971,Jun-1971,Jun-1971,Jun-1971,Jun-1971,Jun-1971,Jun-1971,Jun-1971,Jun-1971,Jun-1971,Jun-1971,Jun-1971,Jun-1971,Jun-1971,Jun-1971,Jun-1971,Jun-1971,Jun-1971,Jun-1971,Jun-1971,Jun-1971,Jun-1971,Jun-1971,Jun-1971,Jun-1971,Jun-1971,Jun-1971,Jun-1971,Jun-1971,Jun-1971,Jun-1971,Jun-1971,Jun-1971,Jun-1971,Jun-1971,Jun-1971,Jun-1971,Jun-1971,Jun-1971,Jun-1971,Jun-1971,Jun-1971,Jun-1971,Jun-1971,Jun-1971,Jun-1971,Jun-1971,Jun-1971,Jun-1971,Jun-1971,Jun-1971,Jun-1971,Jun-1971,Jun-1971,Jun-1971,Jun-1971,Jun-1971,Jun-1971,Jun-1971,Jun-1971,Jun-1971,Jun-1971,Jun-1971,Jun-1971,Jun-1971,Jun-1971,Jun-1971,Jun-1971,Jun-1971,Jun-1971,Jun-1971,Jun-1971,Jun-1971,Jun-1971,Jun-1971,Jun-1971,Jun-1971,Jun-1971,Jun-1971,Jun-1971,Jun-1971,Jun-1971,Jun-1971,Jun-1971,Jun-1971,Jun-1971,Jun-1971,Jun-1971,Jun-1971,Jun-1971,Jun-1971,Jun-1971,Jun-1971,Jun-1971,Jun-1971,Jun-1971,Jun-1971,Jun-1971,Jun-1971,Jun-1971,Jun-1971,Jun-1971,Jun-1971,Jun-1971,Jun-1971,Jun-1971,Jun-1971,Jun-1971,Jun-1971,Jun-1971,Jun-1971,Jun-1971,Jun-1971,Jun-1971,Jun-1971,Jun-1971,Jun-1971,Jun-1971,Jun-1971,Jun-1971,Jun-1971,Jun-1971,Jun-1971,Jun-1971,Jun-1971,Jun-1971,Jun-1971,Jun-1971,Jun-1971,Jun-1971,Jun-1971,Jun-1971,Jun-1971,Jun-1971,Jun-1971,Jun-1971,Jun-1971,Jun-1971,Jun-1971,Jun-1971,Jun-1971,Jun-1971,Jun-1971,Jun-1971,Jun-1971,Jun-1971,Jun-1971,Jun-1971,Jun-1971,Jun-1971,Jun-1971,Jun-1971,Jun-1971,Jun-1971,Jun-1971,Jun-1971,Jun-1971,Jun-1971,Jun-1971,Jun-1971,Jun-1971,Jun-1971,Jun-1971,Jun-1971,Jun-1971,Jun-1971,Jun-1971,Jun-1971,Jun-1971,Jun-1971,Jun-1971
Series End,Jun-2020,Jun-2020,Jun-2020,Jun-2020,Jun-2020,Jun-2020,Jun-2020,Jun-2020,Jun-2020,Jun-2020,Jun-2020,Jun-2020,Jun-2020,Jun-2020,Jun-2020,Jun-2020,Jun-2020,Jun-2020,Jun-2020,Jun-2020,Jun-2020,Jun-2020,Jun-2020,Jun-2020,Jun-2020,Jun-2020,Jun-2020,Jun-2020,Jun-2020,Jun-2020,Jun-2020,Jun-2020,Jun-2020,Jun-2020,Jun-2020,Jun-2020,Jun-2020,Jun-2020,Jun-2020,Jun-2020,Jun-2020,Jun-2020,Jun-2020,Jun-2020,Jun-2020,Jun-2020,Jun-2020,Jun-2020,Jun-2020,Jun-2020,Jun-2020,Jun-2020,Jun-2020,Jun-2020,Jun-2020,Jun-2020,Jun-2020,Jun-2020,Jun-2020,Jun-2020,Jun-2020,Jun-2020,Jun-2020,Jun-2020,Jun-2020,Jun-2020,Jun-2020,Jun-2020,Jun-2020,Jun-2020,Jun-2020,Jun-2020,Jun-2020,Jun-2020,Jun-2020,Jun-2020,Jun-2020,Jun-2020,Jun-2020,Jun-2020,Jun-2020,Jun-2020,Jun-2020,Jun-2020,Jun-2020,Jun-2020,Jun-2020,Jun-2020,Jun-2020,Jun-2020,Jun-2020,Jun-2020,Jun-2020,Jun-2020,Jun-2020,Jun-2020,Jun-2020,Jun-2020,Jun-2020,Jun-2020,Jun-2020,Jun-2020,Jun-2020,Jun-2020,Jun-2020,Jun-2020,Jun-2020,Jun-2020,Jun-2020,Jun-2020,Jun-2020,Jun-2020,Jun-2020,Jun-2020,Jun-2020,Jun-2020,Jun-2020,Jun-2020,Jun-2020,Jun-2020,Jun-2020,Jun-2020,Jun-2020,Jun-2020,Jun-2020,Jun-2020,Jun-2020,Jun-2020,Jun-2020,Jun-2020,Jun-2020,Jun-2020,Jun-2020,Jun-2020,Jun-2020,Jun-2020,Jun-2020,Jun-2020,Jun-2020,Jun-2020,Jun-2020,Jun-2020,Jun-2020,Jun-2020,Jun-2020,Jun-2020,Jun-2020,Jun-2020,Jun-2020,Jun-2020,Jun-2020,Jun-2020,Jun-2020,Jun-2020,Jun-2020,Jun-2020,Jun-2020,Jun-2020,Jun-2020,Jun-2020,Jun-2020,Jun-2020,Jun-2020,Jun-2020,Jun-2020,Jun-2020,Jun-2020,Jun-2020,Jun-2020,Jun-2020,Jun-2020,Jun-2020,Jun-2020,Jun-2020,Jun-2020,Jun-2020,Jun-2020,Jun-2020,Jun-2020,Jun-2020,Jun-2020,Jun-2020,Jun-2020,Jun-2020,Jun-2020,Jun-2020,Jun-2020,Jun-2020,Jun-2020,Jun-2020,Jun-2020,Jun-2020,Jun-2020,Jun-2020,Jun-2020,Jun-2020,Jun-2020,Jun-2020,Jun-2020,Jun-2020,Jun-2020,Jun-2020,Jun-2020,Jun-2020,Jun-2020,Jun-2020,Jun-2020,Jun-2020,Jun-2020,Jun-2020,Jun-2020,Jun-2020,Jun-2020,Jun-2020,Jun-2020,Jun-2020,Jun-2020,Jun-2020,Jun-2020,Jun-2020,Jun-2020,Jun-2020,Jun-2020,Jun-2020,Jun-2020,Jun-2020,Jun-2020,Jun-2020,Jun-2020,Jun-2020,Jun-2020,Jun-2020,Jun-2020,Jun-2020,Jun-2020,Jun-2020,Jun-2020,Jun-2020,Jun-2020,Jun-2020,Jun-2020,Jun-2020,Jun-2020,Jun-2020,Jun-2020,Jun-2020,Jun-2020,Jun-2020,Jun-2020,Jun-2020
No. Obs,50,50,50,50,50,50,50,50,50,50,50,50,50,50,50,50,50,50,50,50,50,50,50,50,50,50,50,50,50,50,50,50,50,50,50,50,50,50,50,50,50,50,50,50,50,50,50,50,50,50,50,50,50,50,50,50,50,50,50,50,50,50,50,50,50,50,50,50,50,50,50,50,50,50,50,50,50,50,50,50,50,50,50,50,50,50,50,50,50,50,50,50,50,50,50,50,50,50,50,50,50,50,50,50,50,50,50,50,50,50,50,50,50,50,50,50,50,50,50,50,50,50,50,50,50,50,50,50,50,50,50,50,50,50,50,50,50,50,50,50,50,50,50,50,50,50,50,50,50,50,50,50,50,50,50,50,50,50,50,50,50,50,50,50,50,50,50,50,50,50,50,50,50,50,50,50,50,50,50,50,50,50,50,50,50,50,50,50,50,50,50,50,50,50,50,50,50,50,50,50,50,50,50,50,50,50,50,50,50,50,50,50,50,50,50,50,50,50,50,50,50,50,50,50,50,50,50,50,50,50,50,50,50,50,50,50,50,50,50,50,50,50,50,50,50,50,50,50,50,50
Series ID,A2158314J,A2158315K,A2158316L,A2158317R,A2158318T,A2158319V,A2158320C,A2158321F,A2158322J,A2158323K,A2158324L,A2158325R,A2158326T,A2158327V,A2158328W,A2158329X,A2158330J,A2158331K,A2158332L,A2158333R,A2158334T,A2158335V,A2158336W,A2158337X,A2158338A,A2158339C,A2158340L,A2158341R,A2158342T,A2158343V,A2158344W,A2158345X,A2158346A,A2158347C,A2158348F,A2158349J,A2158350T,A2158351V,A2158352W,A2158353X,A2158354A,A2158355C,A2158356F,A2158357J,A2158358K,A2158359L,A2158360W,A2158361X,A2158362A,A2158363C,A2158364F,A2158365J,A2158366K,A2158367L,A2158368R,A2158369T,A2158370A,A2158371C,A2158372F,A2158373J,A2158374K,A2158375L,A2158376R,A2158377T,A2158378V,A2158379W,A2158380F,A2158381J,A2158382K,A2158383L,A2158384R,A2158385T,A2158386V,A2158387W,A2158388X,A2158389A,A2158390K,A2158391L,A2158392R,A2158393T,A2158394V,A2158395W,A2158396X,A2158397A,A2158398C,A2158399F,A2158400C,A2158401F,A2158402J,A2158403K,A2158404L,A2158405R,A2158406T,A2158407V,A2158408W,A2158409X,A2158410J,A2158411K,A2158412L,A2158413R,A2158414T,A2158415V,A2158416W,A2158417X,A2158418A,A2158419C,A2158420L,A2158421R,A2158422T,A2158423V,A2158424W,A2158425X,A2158426A,A2158427C,A2158428F,A2158429J,A2158430T,A2158431V,A2158432W,A2158433X,A2158434A,A2158435C,A2158436F,A2158437J,A2158438K,A2158439L,A2158440W,A2158441X,A2158442A,A2158443C,A2158444F,A2158445J,A2158446K,A2158447L,A2158448R,A2158449T,A2158450A,A2158451C,A2158452F,A2158453J,A2158454K,A2158455L,A2158456R,A2158457T,A2158458V,A2158459W,A2158460F,A2158461J,A2158462K,A2158463L,A2158464R,A2158465T,A2158466V,A2158467W,A2158468X,A2158469A,A2158470K,A2158471L,A2158472R,A2158473T,A2158474V,A2158475W,A2158476X,A2158477A,A2158478C,A2158479F,A2158480R,A2158481T,A2158482V,A2158483W,A2158484X,A2158485A,A2158486C,A2158487F,A2158488J,A2158489K,A2158490V,A2158491W,A2158492X,A2158493A,A2158494C,A2158495F,A2158496J,A2158497K,A2158498L,A2158499R,A2158500L,A2158501R,A2158502T,A2158503V,A2158504W,A2158505X,A2158506A,A2158507C,A2158508F,A2158509J,A2158510T,A2158511V,A2158512W,A2158513X,A2158514A,A2158515C,A2158516F,A2158517J,A2158518K,A2158519L,A2158520W,A2158521X,A2158522A,A2158523C,A2158524F,A2158525J,A2158526K,A2158527L,A2158528R,A2158529T,A2158530A,A2158531C,A2158532F,A2158533J,A2158534K,A2158535L,A2158536R,A2158537T,A2158538V,A2158539W,A2158540F,A2158541J,A2158542K,A2158543L,A2158544R,A2158545T,A2158546V,A2158547W,A2158548X,A2158549A,A2158550K,A2158551L,A2158552R,A2158553T,A2158554V,A2158555W,A2158556X,A2158557A,A2158558C,A2158559F,A2158560R,A2158561T,A2158562V,A2158563W
Jun-1971,1314,1256,1199,1241,1214,1054,1057,998,986,931,970,813,763,696,632,538,546,578,623,779,855,1070,1129,1263,1381,1281,1309,1197,1124,1078,1114,994,937,810,750,798,713,632,629,572,731,618,600,560,542,538,548,432,417,400,489,424,282,261,238,244,272,219,194,196,185,171,108,116,99,133,123,92,72,55,96,114,39,35,35,34,48,36,23,17,22,28,8,5,4,5,5,1,0,4,2,2,0,0,1,1,0,0,0,2,0,1242,1242,1219,1166,1155,1057,937,975,977,868,881,761,718,664,605,564,525,512,579,668,754,890,967,1032,979,944,908,886,750,680,729,653,551,540,538,570,488,397,417,381,455,362,342,375,349,348,374,227,292,262,330,304,196,203,175,179,198,120,115,122,145,136,84,83,79,98,86,51,41,51,67,91,29,36,28,26,41,14,24,11,9,13,9,4,4,6,6,2,2,2,3,4,2,0,0,0,1,0,0,0,0,2556,2498,2418,2407,2369,2111,1994,1973,1963,1799,1851,1574,1481,1360,1237,1102,1071,1090,1202,1447,1609,1960,2096,2295,2360,2225,2217,2083,1874,1758,1843,1647,1488,1350,1288,1368,1201,1029,1046,953,1186,980,942,935,891,886,922,659
Jun-1972,1456,1334,1305,1242,1261,1232,1079,1068,1028,992,941,967,817,760,711,687,623,654,723,798,940,1043,1222,1245,1367,1453,1361,1320,1231,1134,1095,1124,999,930,826,772,826,704,642,631,576,723,609,572,545,533,549,524,435,419,405,482,420,284,269,241,263,263,217,195,190,183,167,106,118,96,132,110,89,64,53,90,101,33,31,30,31,39,28,17,16,21,24,7,5,5,7,3,1,0,1,1,2,0,0,0,1,0,0,0,1,1350,1251,1273,1232,1176,1149,1087,951,983,989,885,883,774,719,699,654,658,620,632,702,793,900,1003,1092,1149,1098,1031,969,937,795,740,763,672,565,555,539,585,481,412,419,384,468,376,347,382,355,371,355,241,291,265,322,286,194,203,178,202,190,128,123,134,157,133,88,81,75,103,84,50,37,43,61,80,27,36,26,24,37,15,21,11,8,12,8,4,3,4,5,3,3,2,2,5,3,0,0,0,0,0,0,0,2806,2585,2578,2474,2437,2381,2166,2019,2011,1981,1826,1850,1591,1479,1410,1341,1281,1274,1355,1500,1733,1943,2225,2337,2516,2551,2392,2289,2168,1929,1835,1887,1671,1495,1381,1311,1411,1185,1054,1050,960,1191,985,919,927,888,920,879
Jun-1973,1448,1460,1379,1341,1265,1264,1226,1086,1061,1045,982,935,951,810,751,723,741,709,767,874,967,1088,1207,1341,1319,1429,1488,1404,1295,1237,1119,1088,1112,988,912,830,776,837,682,636,620,570,707,591,539,524,525,563,495,435,412,400,469,405,279,270,240,276,249,214,190,180,181,161,103,115,93,134,102,86,55,49,89,87,30,29,28,30,31,23,12,15,18,19,7,5,5,8,3,1,0,3,1,1,0,0,0,0,0,0,0,1407,1350,1274,1295,1230,1171,1127,1102,946,980,988,887,872,778,713,726,695,748,714,753,825,916,1042,1105,1195,1230,1166,1080,995,956,810,773,772,672,568,562,534,595,473,425,414,385,478,383,345,382,353,387,336,254,288,265,312,268,190,201,179,224,181,137,129,141,167,131,87,78,69,105,78,47,32,37,58,69,27,34,21,21,29,13,17,11,9,11,9,4,3,4,4,3,3,3,2,5,3,0,0,0,1,0,0,2855,2810,2653,2636,2495,2435,2353,2188,2007,2025,1970,1822,1823,1588,1464,1449,1436,1457,1481,1627,1792,2004,2249,2446,2514,2659,2654,2484,2290,2193,1929,1861,1884,1660,1480,1392,1310,1432,1155,1061,1034,955,1185,974,884,906,878,950
Jun-1974,1447,1455,1481,1431,1392,1302,1280,1227,1099,1059,1069,974,932,944,809,748,746,807,806,890,1031,1137,1263,1388,1453,1390,1498,1532,1465,1291,1252,1120,1107,1123,997,911,845,786,854,664,634,610,560,695,575,517,513,524,574,474,436,410,401,458,388,270,270,235,287,234,205,183,169,173,154,100,113,90,136,92,81,48,43,86,76,28,26,23,28,23,18,8,16,16,15,6,5,4,7,2,0,0,1,0,0,0,0,0,0,0,0,1276,1399,1390,1317,1335,1244,1177,1139,1141,950,986,992,897,867,786,712,760,751,857,837,902,976,1077,1209,1213,1305,1299,1244,1138,1022,976,823,812,793,683,581,581,538,610,461,440,417,387,486,385,342,378,352,409,318,265,286,266,301,254,188,203,177,244,173,142,132,146,173,124,87,79,69,109,71,46,30,32,54,57,25,32,17,19,22,13,13,12,6,5,8,2,3,3,4,3,3,3,1,5,2,0,0,0,0,0,2723,2854,2871,2748,2727,2546,2457,2366,2240,2009,2055,1966,1829,1811,1595,1460,1506,1558,1663,1727,1933,2113,2340,2597,2666,2695,2797,2776,2603,2313,2228,1943,1919,1916,1680,1492,1426,1324,1464,1125,1074,1027,947,1181,960,859,891,876
Jun-1975,1234,1359,1353,1380,1350,1310,1209,1162,1107,999,955,989,885,854,867,753,697,707,792,803,872,968,1039,1103,1212,1246,1161,1284,1324,1269,1076,1090,958,977,1009,880,786,742,688,777,556,544,524,504,633,527,453,457,476,546,409,386,358,352,398,331,233,244,210,272,197,180,159,139,150,130,79,101,73,124,71,66,31,31,76,58,20,22,20,25,15,13,6,13,15,8,4,4,2,9,0,0,0,1,0,0,0,0,0,0,0,1128,1112,1213,1231,1170,1196,1075,1018,966,1022,819,872,894,809,770,701,616,681,679,821,781,828,854,907,1029,955,1068,1050,1019,923,814,790,652,688,671,574,487,507,456,549,389,398,362,331,436,338,282,322,297,373,243,226,239,222,258,220,157,174,151,235,129,109,98,111,143,91,64,59,50,99,58,39,24,20,49,41,17,24,12,16,13,11,10,13,3,2,9,2,3,4,3,2,2,3,1,5,1,0,0,0,0,2362,2471,2566,2611,2520,2506,2284,2180,2073,2021,1774,1861,1779,1663,1637,1454,1313,1388,1471,1624,1653,1796,1893,2010,2241,2201,2229,2334,2343,2192,1890,1880,1610,1665,1680,1454,1273,1249,1144,1326,945,942,886,835,1069,865,735,779
Jun-1976,1263,1233,1385,1371,1401,1400,1346,1217,1157,1112,1018,951,1008,880,862,869,773,704,740,868,914,1017,1122,1205,1250,1357,1330,1222,1341,1357,1326,1065,1116,967,983,1010,874,764,748,687,796,536,538,520,519,634,519,443,453,472,562,384,396,350,348,376,310,224,239,211,279,182,172,164,146,151,121,80,95,69,126,67,62,31,29,76,49,24,18,17,22,14,13,5,6,9,10,3,2,1,7,0,0,0,0,0,1,0,1,0,1,1111,1089,1158,1221,1266,1221,1232,1094,1028,952,1036,823,866,896,817,773,717,629,731,759,930,935,1011,1023,1052,1170,1032,1124,1081,1059,953,831,804,665,715,692,599,511,525,466,560,389,415,362,325,441,338,276,313,292,393,222,247,242,220,254,205,150,166,148,248,119,110,94,113,153,98,65,63,57,108,50,41,27,14,47,31,19,22,13,18,10,7,3,10,6,3,6,2,3,7,3,0,2,0,1,1,0,1,0,2,2374,2322,2543,2592,2667,2621,2578,2311,2185,2064,2054,1774,1874,1776,1679,1642,1490,1333,1471,1627,1844,1952,2133,2228,2302,2527,2362,2346,2422,2416,2279,1896,1920,1632,1698,1702,1473,1275,1273,1153,1356,925,953,882,844,1075,857,719
Jun-1977,1463,1319,1285,1396,1387,1458,1446,1350,1229,1158,1113,1019,951,1000,902,895,923,858,820,881,988,1051,1138,1229,1296,1304,1412,1361,1252,1352,1372,1334,1085,1111,1003,1003,1046,880,780,733,671,780,528,519,508,531,634,519,450,457,472,536,397,382,344,339,374,294,212,223,197,267,170,157,153,129,142,116,72,81,62,108,66,53,29,29,71,46,19,15,11,22,14,13,5,5,7,8,2,1,0,5,0,0,0,0,0,0,0,0,0,1361,1163,1140,1196,1263,1293,1265,1241,1133,1060,996,1039,836,871,911,840,841,797,729,836,861,1039,1059,1127,1120,1131,1232,1073,1174,1125,1087,968,847,816,682,719,721,589,521,529,468,557,399,417,364,334,448,330,276,306,294,373,224,241,237,215,261,200,154,160,145,235,117,99,94,100,146,93,56,55,54,99,46,39,26,19,45,26,19,17,11,17,9,8,2,9,5,4,7,2,2,7,3,0,2,0,0,0,0,1,2,2824,2482,2425,2592,2650,2751,2711,2591,2362,2218,2109,2058,1787,1871,1813,1735,1764,1655,1549,1717,1849,2090,2197,2356,2416,2435,2644,2434,2426,2477,2459,2302,1932,1927,1685,1722,1767,1469,1301,1262,1139,1337,927,936,872,865,1082,849
Jun-1978,1387,1473,1387,1350,1421,1409,1490,1485,1356,1245,1166,1114,1025,953,1004,954,946,1010,989,988,1073,1150,1211,1249,1333,1386,1377,1491,1422,1314,1379,1388,1342,1124,1115,1013,995,1066,879,799,713,664,772,541,511,505,535,652,519,456,461,474,520,410,363,324,328,378,275,204,215,184,255,166,143,143,122,143,113,64,71,54,93,59,45,27,26,65,42,14,11,9,21,15,15,4,6,6,7,0,1,0,3,0,0,0,0,0,0,0,0,1234,1350,1210,1203,1240,1302,1324,1317,1274,1163,1086,1044,1039,863,882,937,878,927,895,850,964,977,1138,1164,1226,1160,1197,1296,1106,1209,1152,1102,982,856,824,711,714,746,586,531,524,467,551,401,418,369,339,453,324,280,298,293,354,231,234,229,216,271,199,158,157,142,226,113,90,92,93,142,88,56,49,53,93,46,37,25,20,40,21,19,15,12,16,10,8,0,9,4,6,8,2,2,7,3,0,1,0,0,0,0,2,2621,2823,2597,2553,2661,2711,2814,2802,2630,2408,2252,2158,2064,1816,1886,1891,1824,1937,1884,1838,2037,2127,2349,2413,2559,2546,2574,2787,2528,2523,2531,2490,2324,1980,1939,1724,1709,1812,1465,1330,1237,1131,1323,942,929,874,874,1105
Jun-1979,1372,1436,1466,1428,1379,1403,1430,1510,1497,1338,1247,1151,1097,1018,943,999,976,963,1051,1071,1095,1226,1255,1311,1327,1395,1442,1391,1476,1432,1335,1395,1399,1327,1141,1084,1009,982,1057,859,796,686,639,752,543,499,511,546,657,527,480,464,474,496,414,344,313,315,372,255,196,204,178,243,156,133,135,112,138,104,59,61,47,80,55,40,31,25,59,38,9,9,10,22,15,16,4,6,3,6,0,1,0,0,0,0,0,0,0,0,0,1313,1275,1321,1261,1247,1254,1327,1337,1338,1264,1176,1098,1063,1019,876,886,946,905,1012,995,961,1071,1072,1211,1218,1288,1183,1214,1319,1111,1227,1155,1097,985,854,811,711,703,767,573,538,516,462,540,401,410,380,342,458,312,280,291,292,334,237,222,224,215,278,195,156,151,138,213,108,83,93,84,138,86,52,44,48,87,44,32,22,22,41,20,18,14,13,15,9,10,0,9,5,7,8,2,2,6,3,0,1,0,0,0,3,2685,2711,2787,2689,2626,2657,2757,2847,2835,2602,2423,2249,2160,2037,1819,1885,1922,1868,2063,2066,2056,2297,2327,2522,2545,2683,2625,2605,2795,2543,2562,2550,2496,2312,1995,1895,1720,1685,1824,1432,1334,1202,1101,1292,944,909,891,888
Jun-1980,1436,1323,1427,1444,1452,1388,1397,1437,1506,1487,1311,1261,1169,1110,1035,943,975,988,979,1083,1130,1180,1331,1317,1377,1361,1419,1477,1396,1474,1429,1346,1385,1394,1305,1134,1039,995,968,1066,849,791,650,604,727,547,472,500,539,648,509,467,450,457,454,401,306,292,295,362,230,183,188,166,226,144,117,124,102,134,97,50,52,37,66,50,33,30,25,53,37,6,6,7,21,13,15,3,7,2,1,0,0,0,0,0,0,0,0,0,0,1303,1312,1325,1317,1323,1301,1273,1340,1362,1378,1254,1167,1066,1059,997,894,914,976,954,1123,1126,1120,1227,1215,1333,1319,1373,1233,1277,1367,1129,1255,1179,1113,999,881,820,737,709,800,573,557,519,458,531,406,405,372,343,462,304,284,289,293,323,249,219,220,209,282,184,148,136,129,197,106,76,97,75,138,81,50,40,46,82,41,25,21,24,37,18,19,14,14,15,12,12,0,8,4,7,6,2,2,6,3,0,1,0,0,2,2739,2635,2752,2761,2775,2689,2670,2777,2868,2865,2565,2428,2235,2169,2032,1837,1889,1964,1933,2206,2256,2300,2558,2532,2710,2680,2792,2710,2673,2841,2558,2601,2564,2507,2304,2015,1859,1732,1677,1866,1422,1348,1169,1062,1258,953,877,872
Jun-1981,1339,1376,1289,1441,1427,1478,1421,1410,1445,1508,1486,1282,1248,1152,1101,1041,960,1002,1057,1049,1187,1273,1329,1478,1416,1464,1434,1467,1505,1418,1503,1450,1364,1374,1393,1281,1145,1012,1001,963,1087,860,820,647,603,726,557,463,496,541,647,498,459,444,448,430,402,288,276,278,352,208,167,174,158,208,138,114,115,101,138,101,55,53,38,56,47,27,29,26,44,29,6,5,5,15,10,14,1,6,5,2,0,3,1,0,0,0,1,0,2,1325,1270,1302,1358,1294,1374,1342,1278,1344,1365,1391,1239,1190,1062,1083,989,915,939,1012,1018,1251,1259,1250,1329,1290,1375,1327,1384,1219,1291,1401,1144,1291,1192,1126,1011,885,800,745,701,824,566,565,518,450,518,408,401,369,339,476,292,287,284,291,301,249,206,203,196,279,176,147,133,132,194,115,83,106,69,141,80,45,37,41,78,34,24,19,32,35,19,19,12,10,10,9,9,2,6,4,2,5,2,1,3,2,1,0,1,2,2664,2646,2591,2799,2721,2852,2763,2688,2789,2873,2877,2521,2438,2214,2184,2030,1875,1941,2069,2067,2438,2532,2579,2807,2706,2839,2761,2851,2724,2709,2904,2594,2655,2566,2519,2292,2030,1812,1746,1664,1911,1426,1385,1165,1053,1244,965,864
Jun-1982,1553,1379,1392,1345,1483,1456,1501,1441,1484,1465,1525,1510,1297,1267,1170,1147,1141,1061,1129,1201,1228,1387,1454,1491,1609,1500,1565,1486,1505,1521,1466,1555,1517,1414,1432,1443,1319,1147,1050,1032,976,1083,880,814,668,625,735,570,474,497,538,612,503,448,436,447,434,394,292,271,267,345,207,164,159,148,203,129,110,114,94,129,99,57,57,44,53,40,28,29,23,37,24,5,1,3,15,6,15,1,6,3,2,0,3,1,0,0,0,1,1,1530,1365,1289,1317,1383,1321,1438,1361,1311,1387,1413,1422,1268,1223,1084,1102,1064,987,1055,1158,1164,1414,1408,1381,1450,1385,1451,1374,1400,1251,1338,1442,1212,1330,1238,1161,1034,877,816,748,706,821,592,573,533,467,525,408,403,370,342,454,296,285,288,296,312,245,209,208,187,270,173,146,128,128,191,110,85,99,67,131,78,43,33,41,71,31,23,22,30,36,21,21,12,10,9,9,8,2,5,4,3,3,2,1,3,2,0,0,3,3083,2744,2681,2662,2866,2777,2939,2802,2795,2852,2938,2932,2565,2490,2254,2249,2205,2048,2184,2359,2392,2801,2862,2872,3059,2885,3016,2860,2905,2772,2804,2997,2729,2744,2670,2604,2353,2024,1866,1780,1682,1904,1472,1387,1201,1092,1260,978
Jun-1983,1582,1533,1412,1435,1393,1507,1470,1521,1442,1511,1490,1511,1510,1302,1276,1206,1180,1235,1152,1231,1326,1370,1534,1556,1584,1658,1536,1624,1488,1515,1517,1500,1580,1548,1429,1457,1478,1343,1132,1071,1036,977,1081,884,778,673,643,745,569,485,497,535,584,509,439,435,452,436,380,305,261,257,329,202,159,149,145,194,125,100,109,86,122,101,57,56,42,46,36,27,25,19,34,21,2,0,2,9,4,14,0,6,2,0,0,3,1,0,0,0,3,1479,1522,1398,1355,1312,1384,1326,1442,1348,1328,1386,1420,1419,1294,1205,1110,1127,1131,1056,1157,1288,1281,1514,1508,1446,1501,1417,1478,1398,1403,1279,1353,1462,1245,1329,1256,1177,1041,863,837,757,707,809,604,580,536,484,527,408,406,373,345,436,301,274,294,289,329,245,211,215,181,263,171,138,130,131,185,112,83,91,65,119,77,43,29,39,67,31,21,23,31,37,21,21,11,8,4,8,8,2,5,5,2,3,2,1,3,1,0,3,3061,3055,2810,2790,2705,2891,2796,2963,2790,2839,2876,2931,2929,2596,2481,2316,2307,2366,2208,2388,2614,2651,3048,3064,3030,3159,2953,3102,2886,2918,2796,2853,3042,2793,2758,2713,2655,2384,1995,1908,1793,1684,1890,1488,1358,1209,1127,1272
Jun-1984,1576,1599,1583,1512,1489,1438,1538,1469,1543,1448,1530,1497,1523,1499,1325,1291,1255,1225,1341,1249,1350,1465,1531,1690,1655,1650,1709,1567,1695,1513,1537,1534,1522,1605,1575,1470,1485,1526,1366,1149,1092,1039,969,1064,886,758,689,660,758,569,496,511,531,560,522,433,436,459,434,363,303,251,246,316,195,159,138,143,190,115,95,105,79,109,97,52,55,39,43,33,25,22,17,29,19,0,0,1,9,3,14,0,5,1,0,0,3,0,0,0,2,1591,1484,1526,1404,1386,1314,1399,1356,1450,1358,1362,1383,1416,1435,1320,1209,1132,1150,1211,1136,1272,1420,1403,1619,1614,1493,1543,1455,1515,1438,1435,1298,1388,1474,1285,1319,1275,1179,1052,854,854,766,712,797,618,583,539,501,527,405,409,370,344,419,308,276,300,284,345,236,209,220,183,252,170,137,133,132,187,104,77,94,58,107,75,40,26,39,67,28,19,23,32,35,23,18,8,5,6,7,6,1,4,4,2,3,2,1,3,1,1,3167,3083,3109,2916,2875,2752,2937,2825,2993,2806,2892,2880,2939,2934,2645,2500,2387,2375,2552,2385,2622,2885,2934,3309,3269,3143,3252,3022,3210,2951,2972,2832,2910,3079,2860,2789,2760,2705,2418,2003,1946,1805,1681,1861,1504,1341,1228,1161
Jun-1985,1566,1578,1637,1600,1580,1526,1466,1550,1468,1580,1489,1546,1523,1520,1483,1352,1311,1307,1287,1454,1367,1476,1600,1682,1818,1731,1733,1753,1609,1757,1541,1561,1525,1571,1612,1606,1489,1511,1568,1393,1144,1126,1048,974,1060,898,732,724,682,769,569,515,516,514,535,542,431,436,456,437,349,311,244,237,297,197,153,134,140,183,116,88,107,77,104,91,50,56,39,39,29,22,22,14,23,17,0,0,0,7,2,9,0,4,1,0,0,2,0,0,1,1530,1618,1519,1517,1470,1429,1329,1417,1355,1480,1362,1378,1384,1406,1462,1345,1221,1166,1194,1307,1228,1403,1570,1522,1741,1678,1530,1577,1503,1550,1486,1467,1345,1429,1478,1306,1304,1279,1189,1073,849,882,776,723,790,637,575,537,518,525,404,407,366,347,400,315,271,301,283,364,227,207,229,178,241,168,133,132,127,188,95,81,88,59,96,73,40,22,40,63,28,22,27,34,37,23,17,7,6,6,4,5,1,4,3,0,3,1,0,3,2,3096,3196,3156,3117,3050,2955,2795,2967,2823,3060,2851,2924,2907,2926,2945,2697,2532,2473,2481,2761,2595,2879,3170,3204,3559,3409,3263,3330,3112,3307,3027,3028,2870,3000,3090,2912,2793,2790,2757,2466,1993,2008,1824,1697,1850,1535,1307,1261
Jun-1986,1610,1590,1534,1677,1624,1624,1546,1486,1571,1491,1565,1471,1538,1462,1489,1450,1392,1336,1335,1391,1581,1576,1656,1777,1795,1922,1777,1752,1771,1614,1779,1539,1580,1519,1561,1664,1622,1514,1565,1535,1405,1127,1131,1020,1018,1030,889,768,742,695,785,536,528,489,500,495,550,428,423,451,399,313,308,245,234,258,201,153,146,139,184,121,85,102,56,82,87,39,53,41,30,27,19,18,16,15,16,4,4,3,5,7,5,0,5,1,2,2,0,4,0,1461,1585,1579,1566,1566,1495,1444,1330,1408,1375,1496,1336,1346,1370,1417,1447,1364,1210,1224,1228,1459,1397,1573,1715,1622,1848,1749,1546,1669,1574,1600,1541,1465,1363,1438,1480,1298,1284,1312,1214,1099,879,882,794,731,774,663,559,558,508,524,413,410,375,357,379,334,282,317,276,386,231,227,239,185,247,175,127,156,138,177,97,89,78,59,82,81,50,37,45,60,25,25,25,26,35,19,15,10,6,5,5,11,0,4,4,3,2,0,2,5,3071,3175,3113,3243,3190,3119,2990,2816,2979,2866,3061,2807,2884,2832,2906,2897,2756,2546,2559,2619,3040,2973,3229,3492,3417,3770,3526,3298,3440,3188,3379,3080,3045,2882,2999,3144,2920,2798,2877,2749,2504,2006,2013,1814,1749,1804,1552,1327
Jun-1987,1685,1624,1615,1545,1683,1630,1625,1531,1504,1566,1511,1553,1453,1504,1444,1473,1454,1410,1344,1357,1425,1641,1722,1808,1877,1876,1978,1810,1772,1748,1639,1775,1574,1591,1523,1544,1683,1593,1518,1542,1496,1374,1126,1117,1023,1024,1013,872,761,739,692,757,539,525,473,496,489,528,420,410,424,376,296,293,236,225,240,194,142,142,124,172,114,84,92,53,71,76,33,48,37,27,23,13,18,14,14,14,2,4,2,4,6,4,0,4,1,1,1,0,4,1660,1533,1589,1566,1587,1585,1493,1432,1331,1417,1372,1475,1304,1302,1327,1408,1466,1389,1248,1270,1297,1542,1516,1667,1789,1672,1868,1726,1551,1679,1594,1610,1545,1467,1373,1415,1466,1279,1269,1287,1189,1100,877,859,770,726,768,656,567,543,497,513,412,380,371,350,377,324,284,311,265,360,235,221,224,172,240,170,123,151,132,171,88,86,77,61,79,73,50,37,44,45,24,27,23,25,33,14,11,10,6,5,3,10,0,4,4,4,1,0,5,3345,3157,3204,3111,3270,3215,3118,2963,2835,2983,2883,3028,2757,2806,2771,2881,2920,2799,2592,2627,2722,3183,3238,3475,3666,3548,3846,3536,3323,3427,3233,3385,3119,3058,2896,2959,3149,2872,2787,2829,2685,2474,2003,1976,1793,1750,1781,1528
Jun-1988,1847,1695,1612,1601,1528,1661,1591,1597,1509,1491,1521,1496,1508,1406,1439,1408,1468,1454,1406,1351,1377,1474,1704,1752,1820,1856,1861,1971,1767,1732,1672,1606,1718,1552,1526,1503,1513,1638,1554,1489,1489,1454,1316,1114,1100,1010,994,992,862,747,724,666,722,535,507,457,478,475,498,404,379,380,353,281,272,213,211,224,182,125,129,103,154,105,79,86,45,64,67,27,40,35,23,18,10,16,11,12,13,2,2,2,3,5,3,0,4,0,2,2,3,1624,1653,1538,1555,1570,1579,1552,1450,1405,1328,1389,1354,1415,1241,1268,1307,1386,1481,1403,1279,1313,1388,1598,1562,1664,1780,1678,1812,1683,1548,1640,1593,1564,1526,1436,1354,1387,1423,1224,1241,1251,1156,1071,863,827,740,724,756,640,556,521,489,500,402,367,365,341,374,313,274,291,254,337,226,208,202,160,237,165,124,137,117,158,82,83,76,67,73,69,49,36,40,27,25,25,18,19,28,11,9,6,6,5,1,10,0,4,4,4,2,7,3471,3348,3150,3156,3098,3240,3143,3047,2914,2819,2910,2850,2923,2647,2707,2715,2854,2935,2809,2630,2690,2862,3302,3314,3484,3636,3539,3783,3450,3280,3312,3199,3282,3078,2962,2857,2900,3061,2778,2730,2740,2610,2387,1977,1927,1750,1718,1748
Jun-1989,1711,1819,1671,1618,1609,1538,1640,1570,1590,1498,1483,1477,1478,1453,1376,1395,1403,1480,1467,1447,1406,1465,1590,1784,1780,1813,1869,1858,1956,1747,1705,1628,1605,1685,1524,1506,1513,1475,1628,1515,1454,1458,1421,1283,1115,1082,980,975,966,836,740,699,641,697,525,487,440,468,457,477,374,341,359,333,268,255,189,197,204,176,118,121,88,140,101,75,70,38,60,58,26,33,33,17,17,10,14,10,9,13,0,1,2,3,4,3,0,3,0,2,4,1626,1624,1628,1529,1566,1585,1547,1521,1441,1392,1322,1371,1324,1347,1213,1259,1305,1370,1520,1474,1380,1441,1521,1654,1606,1704,1785,1665,1811,1698,1550,1636,1567,1544,1506,1423,1334,1346,1405,1181,1230,1228,1134,1051,867,813,723,732,750,616,535,513,476,478,388,363,359,332,375,295,254,278,255,302,207,193,187,157,229,162,113,129,116,146,78,80,76,67,69,65,40,33,37,15,27,24,15,19,20,9,10,5,6,2,1,9,0,5,5,3,7,3337,3443,3299,3147,3175,3123,3187,3091,3031,2890,2805,2848,2802,2800,2589,2654,2708,2850,2987,2921,2786,2906,3111,3438,3386,3517,3654,3523,3767,3445,3255,3264,3172,3229,3030,2929,2847,2821,3033,2696,2684,2686,2555,2334,1982,1895,1703,1707
Jun-1990,1742,1722,1792,1663,1653,1627,1538,1628,1552,1581,1485,1465,1427,1450,1402,1357,1373,1410,1497,1509,1505,1509,1588,1686,1797,1770,1817,1858,1854,1969,1726,1695,1607,1621,1640,1511,1502,1503,1463,1623,1459,1453,1417,1381,1264,1122,1048,948,962,948,833,721,681,640,658,516,462,425,456,440,438,341,327,343,317,248,237,173,177,185,171,110,112,70,121,95,65,59,37,51,50,23,29,31,13,13,10,13,9,9,12,0,0,2,2,4,2,0,4,0,4,1643,1631,1605,1587,1564,1584,1565,1528,1493,1442,1373,1307,1328,1288,1308,1204,1258,1307,1390,1579,1583,1528,1568,1614,1686,1635,1717,1781,1682,1841,1687,1562,1612,1533,1511,1490,1412,1318,1328,1402,1144,1221,1196,1087,1038,868,805,706,743,740,587,532,500,465,461,375,350,349,318,371,280,239,273,242,268,192,183,176,158,221,153,106,125,113,145,73,78,75,62,64,60,36,33,34,1,29,24,14,13,16,7,10,2,4,2,0,9,0,5,5,10,3385,3353,3397,3250,3217,3211,3103,3156,3045,3023,2858,2772,2755,2738,2710,2561,2631,2717,2887,3088,3088,3037,3156,3300,3483,3405,3534,3639,3536,3810,3413,3257,3219,3154,3151,3001,2914,2821,2791,3025,2603,2674,2613,2468,2302,1990,1853,1654
Jun-1991,1699,1661,1735,1749,1676,1666,1627,1549,1609,1547,1569,1444,1427,1368,1424,1352,1371,1348,1442,1526,1568,1623,1639,1678,1699,1745,1711,1802,1842,1843,1981,1726,1714,1616,1611,1623,1530,1496,1517,1441,1593,1423,1453,1375,1345,1232,1060,1012,916,938,956,798,710,659,622,609,490,430,423,454,421,388,321,313,311,295,229,209,154,162,165,128,99,99,77,98,79,56,42,42,50,36,30,16,27,20,14,11,5,14,9,4,4,1,1,1,0,0,0,6,0,1662,1629,1571,1546,1587,1597,1567,1551,1507,1481,1438,1363,1273,1285,1272,1264,1209,1258,1349,1412,1674,1729,1667,1640,1680,1691,1660,1714,1788,1733,1819,1662,1559,1559,1508,1477,1471,1390,1330,1303,1384,1153,1205,1147,1061,989,891,835,689,697,696,560,511,463,440,426,366,348,326,320,361,258,230,246,233,227,187,163,151,146,170,139,95,111,100,99,75,60,59,45,48,48,41,31,27,26,20,13,11,15,15,11,5,8,1,1,0,1,1,2,2,3361,3290,3306,3295,3263,3263,3194,3100,3116,3028,3007,2807,2700,2653,2696,2616,2580,2606,2791,2938,3242,3352,3306,3318,3379,3436,3371,3516,3630,3576,3800,3388,3273,3175,3119,3100,3001,2886,2847,2744,2977,2576,2658,2522,2406,2221,1951,1847
Jun-1992,1853,1712,1666,1724,1718,1663,1676,1613,1572,1582,1535,1541,1426,1412,1373,1430,1385,1392,1393,1496,1590,1641,1674,1682,1736,1742,1802,1720,1841,1858,1821,1937,1717,1692,1586,1604,1640,1527,1503,1501,1418,1566,1430,1416,1353,1330,1206,1045,1013,912,928,940,786,678,647,605,600,467,412,405,432,407,364,308,298,302,282,214,188,148,151,156,123,92,97,75,87,67,57,32,37,46,33,28,14,25,19,13,11,4,12,8,2,0,0,0,0,0,0,5,4,1797,1670,1658,1573,1545,1560,1574,1531,1558,1500,1481,1434,1361,1248,1273,1292,1289,1228,1284,1374,1455,1708,1780,1721,1666,1701,1731,1659,1701,1735,1700,1798,1642,1548,1550,1490,1449,1436,1394,1319,1293,1345,1158,1179,1134,1062,975,872,812,681,676,676,553,500,467,428,423,347,335,311,313,346,244,219,240,227,224,168,159,152,144,162,130,94,110,95,98,74,58,51,37,44,48,36,31,19,24,18,13,9,14,12,9,4,3,0,0,0,1,1,1,3650,3382,3324,3297,3263,3223,3250,3144,3130,3082,3016,2975,2787,2660,2646,2722,2674,2620,2677,2870,3045,3349,3454,3403,3402,3443,3533,3379,3542,3593,3521,3735,3359,3240,3136,3094,3089,2963,2897,2820,2711,2911,2588,2595,2487,2392,2181,1917
Jun-1993,1838,1823,1749,1682,1712,1700,1635,1686,1599,1564,1574,1523,1502,1421,1393,1378,1450,1419,1434,1442,1564,1697,1748,1743,1742,1816,1786,1824,1739,1876,1843,1796,1893,1711,1686,1577,1616,1666,1506,1509,1482,1390,1557,1425,1370,1319,1324,1189,1037,996,913,923,913,768,661,644,575,578,459,391,386,412,391,344,295,291,288,267,194,167,147,140,149,118,92,99,69,80,61,48,26,31,41,32,22,11,24,18,12,11,0,9,5,1,0,0,0,0,2,5,5,1703,1773,1699,1665,1563,1527,1532,1551,1518,1561,1493,1483,1415,1346,1222,1268,1312,1319,1259,1337,1437,1528,1786,1842,1764,1701,1711,1743,1658,1668,1695,1689,1767,1629,1539,1529,1461,1436,1416,1400,1305,1272,1310,1140,1159,1131,1045,961,862,791,671,666,658,542,472,464,415,416,323,330,304,304,329,232,215,236,216,212,153,152,147,147,151,123,87,105,89,99,65,53,47,33,43,47,32,31,17,23,17,9,8,13,10,6,1,3,0,0,0,0,2,3541,3596,3448,3347,3275,3227,3167,3237,3117,3125,3067,3006,2917,2767,2615,2646,2762,2738,2693,2779,3001,3225,3534,3585,3506,3517,3497,3567,3397,3544,3538,3485,3660,3340,3225,3106,3077,3102,2922,2909,2787,2662,2867,2565,2529,2450,2369,2150
Jun-1994,1860,1807,1818,1791,1694,1715,1670,1611,1699,1557,1578,1576,1503,1465,1419,1379,1393,1462,1477,1484,1490,1647,1806,1854,1791,1790,1859,1783,1831,1748,1873,1821,1763,1857,1727,1697,1575,1623,1647,1479,1509,1455,1375,1525,1400,1328,1301,1328,1170,1026,999,912,902,888,769,645,633,550,569,446,369,373,396,374,318,294,283,278,251,175,164,144,127,138,117,87,88,60,74,54,42,29,30,34,31,21,12,18,14,9,10,3,7,2,1,0,3,0,0,5,5,1736,1683,1775,1706,1654,1544,1523,1500,1558,1501,1554,1483,1475,1380,1327,1213,1263,1330,1348,1297,1412,1508,1623,1853,1872,1786,1725,1711,1758,1631,1650,1679,1671,1725,1627,1520,1505,1450,1433,1396,1402,1276,1258,1272,1141,1148,1111,1031,955,846,774,677,661,638,537,452,461,401,417,316,338,292,283,318,228,214,230,201,211,144,148,150,143,139,117,82,93,94,93,59,49,45,35,40,41,29,31,20,26,18,8,8,11,9,4,0,7,0,1,1,0,3596,3490,3593,3497,3348,3259,3193,3111,3257,3058,3132,3059,2978,2845,2746,2592,2656,2792,2825,2781,2902,3155,3429,3707,3663,3576,3584,3494,3589,3379,3523,3500,3434,3582,3354,3217,3080,3073,3080,2875,2911,2731,2633,2797,2541,2476,2412,2359
Jun-1995,1870,1836,1818,1828,1843,1727,1720,1653,1596,1688,1551,1593,1572,1491,1453,1417,1379,1406,1517,1549,1558,1596,1775,1963,1991,1879,1861,1890,1803,1862,1746,1907,1809,1758,1851,1762,1730,1579,1611,1639,1444,1521,1465,1365,1499,1372,1299,1302,1342,1155,1029,1005,918,879,887,776,622,613,529,556,422,349,361,379,363,304,283,275,267,237,165,159,139,121,137,116,81,75,60,65,52,44,33,28,32,31,20,11,15,15,7,8,4,5,2,1,1,3,0,4,4,1801,1720,1707,1779,1711,1654,1546,1526,1496,1571,1480,1551,1480,1461,1348,1325,1210,1266,1368,1407,1398,1537,1636,1739,1921,1942,1826,1743,1715,1752,1642,1676,1669,1670,1712,1619,1498,1495,1458,1440,1386,1389,1271,1229,1251,1152,1126,1106,1026,950,834,771,689,648,614,521,430,456,389,424,312,327,274,270,305,220,210,217,194,209,138,144,143,136,132,113,79,86,94,86,48,53,46,36,36,39,22,28,21,26,15,8,9,12,6,7,0,8,0,2,1,3671,3556,3525,3607,3554,3381,3266,3179,3092,3259,3031,3144,3052,2952,2801,2742,2589,2672,2885,2956,2956,3133,3411,3702,3912,3821,3687,3633,3518,3614,3388,3583,3478,3428,3563,3381,3228,3074,3069,3079,2830,2910,2736,2594,2750,2524,2425,2408
Jun-1996,1941,1863,1844,1842,1846,1908,1766,1720,1636,1552,1709,1551,1606,1560,1488,1428,1428,1386,1446,1583,1636,1664,1719,1917,2112,2124,1946,1877,1921,1826,1860,1751,1916,1827,1773,1852,1812,1761,1554,1595,1619,1424,1540,1461,1344,1470,1359,1279,1309,1350,1152,1025,1004,925,878,881,754,588,599,504,538,411,335,357,366,354,291,279,261,257,220,161,153,142,121,133,106,71,72,54,64,54,48,30,26,24,33,18,10,16,17,7,7,3,6,2,3,1,4,2,3,1812,1792,1732,1710,1761,1711,1659,1548,1550,1492,1565,1459,1536,1462,1452,1339,1316,1209,1283,1432,1497,1499,1671,1752,1834,1965,1984,1843,1758,1689,1770,1690,1692,1658,1664,1693,1595,1484,1490,1469,1449,1368,1397,1258,1226,1229,1138,1104,1102,1017,942,829,770,681,633,586,507,411,452,384,433,302,317,256,261,296,219,206,205,189,213,139,139,141,130,126,110,84,85,86,88,52,56,47,35,39,40,23,25,17,24,13,8,9,8,4,7,2,8,1,2,3753,3655,3576,3552,3607,3619,3425,3268,3186,3044,3274,3010,3142,3022,2940,2767,2744,2595,2729,3015,3133,3163,3390,3669,3946,4089,3930,3720,3679,3515,3630,3441,3608,3485,3437,3545,3407,3245,3044,3064,3068,2792,2937,2719,2570,2699,2497,2383
Jun-1997,1817,1899,1852,1845,1842,1845,1908,1773,1739,1647,1554,1693,1567,1589,1557,1524,1490,1471,1467,1484,1699,1738,1783,1861,2027,2127,2141,1973,1943,1903,1829,1881,1783,1927,1868,1785,1854,1784,1760,1564,1570,1620,1441,1525,1474,1387,1472,1380,1317,1311,1347,1156,1029,981,919,863,860,761,596,586,494,526,400,331,335,338,344,290,271,251,238,205,154,143,135,115,122,90,67,70,45,59,47,40,28,25,22,25,16,8,16,16,7,5,0,5,2,2,1,5,2,1737,1813,1793,1726,1719,1762,1707,1652,1533,1584,1530,1560,1480,1542,1480,1458,1360,1320,1276,1347,1492,1607,1601,1726,1831,1889,2033,2013,1885,1792,1723,1801,1697,1699,1666,1684,1701,1589,1497,1506,1461,1478,1390,1391,1270,1249,1255,1150,1125,1091,1004,924,826,770,659,632,599,503,411,438,386,413,290,300,249,247,285,216,201,196,181,206,139,129,131,126,127,110,78,77,77,87,54,53,41,39,37,34,22,20,16,17,11,7,9,7,4,6,1,6,0,3554,3712,3645,3571,3561,3607,3615,3425,3272,3231,3084,3253,3047,3131,3037,2982,2850,2791,2743,2831,3191,3345,3384,3587,3858,4016,4174,3986,3828,3695,3552,3682,3480,3626,3534,3469,3555,3373,3257,3070,3031,3098,2831,2916,2744,2636,2727,2530
Jun-1998,1881,1804,1872,1874,1861,1822,1859,1888,1770,1706,1661,1582,1654,1575,1565,1520,1534,1538,1545,1494,1534,1730,1821,1881,1906,2070,2163,2168,1984,1924,1898,1813,1878,1760,1892,1870,1801,1862,1754,1726,1562,1510,1580,1443,1510,1473,1396,1453,1381,1309,1311,1326,1154,1022,960,901,853,848,756,597,562,486,501,392,332,319,319,326,288,264,243,229,191,150,134,133,111,114,83,62,59,36,51,41,36,25,26,20,22,14,8,15,14,6,3,0,4,3,3,1,6,1727,1715,1805,1753,1712,1709,1730,1719,1647,1526,1586,1532,1557,1499,1534,1473,1452,1362,1329,1332,1377,1544,1656,1672,1750,1791,1926,2065,2016,1873,1748,1715,1785,1667,1654,1683,1677,1695,1600,1492,1518,1446,1468,1380,1364,1275,1253,1281,1149,1108,1070,995,902,815,761,658,627,603,490,405,426,372,394,288,280,238,239,276,206,200,191,167,192,143,126,119,116,129,108,70,72,71,79,56,44,39,37,33,25,18,15,10,12,10,8,8,5,3,4,2,4,3608,3519,3677,3627,3573,3531,3589,3607,3417,3232,3247,3114,3211,3074,3099,2993,2986,2900,2874,2826,2911,3274,3477,3553,3656,3861,4089,4233,4000,3797,3646,3528,3663,3427,3546,3553,3478,3557,3354,3218,3080,2956,3048,2823,2874,2748,2649,2734
Jun-1999,1839,1875,1761,1867,1876,1862,1798,1850,1880,1769,1711,1669,1602,1628,1576,1537,1509,1552,1586,1562,1546,1554,1795,1921,1898,1931,2068,2161,2192,1975,1903,1867,1795,1899,1799,1890,1869,1778,1874,1742,1705,1552,1503,1558,1456,1507,1450,1406,1459,1382,1307,1300,1311,1150,1019,935,865,825,848,753,599,545,470,480,380,315,311,303,309,276,251,239,217,172,142,126,123,104,105,79,55,56,37,50,44,33,21,26,19,23,17,7,14,13,6,4,1,4,4,3,6,1717,1706,1689,1762,1711,1708,1711,1714,1713,1645,1532,1576,1526,1515,1498,1502,1450,1446,1363,1372,1401,1486,1597,1710,1688,1822,1841,1945,2079,1995,1855,1744,1702,1758,1679,1652,1677,1686,1694,1594,1485,1493,1427,1465,1365,1349,1278,1248,1297,1159,1107,1066,1013,877,800,735,641,614,598,477,407,394,350,380,281,269,236,235,267,193,188,185,159,175,132,119,117,104,130,105,64,74,68,80,55,38,34,33,29,22,20,14,9,7,9,7,8,4,3,2,5,3556,3581,3450,3629,3587,3570,3509,3564,3593,3414,3243,3245,3128,3143,3074,3039,2959,2998,2949,2934,2947,3040,3392,3631,3586,3753,3909,4106,4271,3970,3758,3611,3497,3657,3478,3542,3546,3464,3568,3336,3190,3045,2930,3023,2821,2856,2728,2654
Jun-2000,1846,1825,1868,1753,1872,1877,1869,1803,1841,1865,1739,1698,1688,1602,1593,1579,1499,1533,1604,1676,1629,1660,1639,1799,1935,1939,1907,2024,2066,2136,1975,1913,1870,1794,1905,1810,1852,1889,1784,1882,1711,1678,1550,1456,1560,1468,1497,1442,1407,1455,1377,1305,1282,1292,1125,1008,889,822,820,828,735,576,530,456,465,363,312,288,291,297,268,246,235,206,159,139,118,119,96,92,71,51,52,33,46,45,30,19,26,15,21,14,5,13,10,5,3,2,3,5,9,1768,1715,1708,1690,1761,1732,1702,1695,1712,1713,1652,1529,1559,1513,1479,1507,1478,1469,1416,1394,1397,1504,1580,1647,1720,1722,1864,1874,1961,2102,1963,1860,1723,1695,1739,1689,1639,1691,1679,1716,1564,1478,1489,1374,1467,1358,1340,1278,1251,1308,1155,1109,1064,1010,847,763,713,622,618,603,470,401,372,327,367,274,265,233,234,260,183,185,189,152,162,123,115,109,94,133,106,68,70,65,69,51,35,35,31,26,23,20,9,8,7,7,5,7,7,2,3,3614,3540,3576,3443,3633,3609,3571,3498,3553,3578,3391,3227,3247,3115,3072,3086,2977,3002,3020,3070,3026,3164,3219,3446,3655,3661,3771,3898,4027,4238,3938,3773,3593,3489,3644,3499,3491,3580,3463,3598,3275,3156,3039,2830,3027,2826,2837,2720
Jun-2001,1871,1841,1841,1878,1759,1868,1904,1861,1791,1863,1869,1731,1667,1677,1602,1569,1585,1481,1563,1625,1748,1647,1695,1696,1791,1870,1908,1924,2002,1959,2084,1958,1916,1837,1782,1893,1792,1821,1875,1747,1877,1681,1651,1560,1436,1537,1450,1474,1423,1422,1441,1386,1313,1256,1276,1078,982,864,799,820,806,723,571,519,456,447,351,313,268,274,285,263,238,220,193,151,139,111,114,88,75,59,50,47,31,43,43,26,17,26,10,13,14,5,13,6,4,2,3,5,15,1875,1768,1717,1712,1699,1738,1713,1699,1710,1690,1695,1617,1519,1546,1506,1461,1503,1442,1475,1420,1430,1460,1573,1642,1647,1703,1743,1878,1879,1987,2053,1935,1859,1703,1688,1735,1670,1631,1686,1657,1705,1546,1493,1494,1347,1457,1373,1316,1273,1263,1320,1152,1100,1054,1000,813,761,701,603,612,609,460,402,360,323,347,267,253,226,225,251,175,181,183,147,157,129,114,108,92,133,96,62,68,61,62,46,32,36,30,25,19,17,8,7,6,6,2,4,8,5,3746,3609,3558,3590,3458,3606,3617,3560,3501,3553,3564,3348,3186,3223,3108,3030,3088,2923,3038,3045,3178,3107,3268,3338,3438,3573,3651,3802,3881,3946,4137,3893,3775,3540,3470,3628,3462,3452,3561,3404,3582,3227,3144,3054,2783,2994,2823,2790
Jun-2002,1919,1854,1806,1797,1861,1738,1838,1872,1812,1758,1822,1830,1712,1615,1639,1553,1541,1526,1458,1555,1649,1780,1671,1708,1767,1803,1890,1906,1907,1949,1916,2071,1944,1879,1782,1764,1862,1754,1798,1864,1744,1873,1684,1608,1564,1444,1538,1442,1457,1432,1410,1446,1369,1291,1208,1247,1045,947,832,772,807,774,703,547,501,433,426,327,289,262,271,275,249,230,205,181,148,128,104,106,79,65,53,44,40,26,41,39,21,14,22,6,9,10,2,9,3,2,1,1,14,1728,1825,1720,1687,1675,1640,1705,1691,1674,1680,1650,1655,1588,1468,1500,1478,1442,1487,1450,1483,1447,1485,1528,1592,1650,1657,1709,1720,1816,1843,1974,1996,1899,1797,1665,1673,1709,1634,1602,1640,1610,1678,1510,1442,1484,1347,1429,1373,1306,1270,1241,1292,1130,1070,1023,932,795,721,698,593,587,583,442,387,348,313,331,259,251,222,212,244,172,169,179,145,152,125,105,103,86,115,91,58,65,50,58,36,26,28,29,21,15,16,5,7,3,5,2,3,7,3647,3679,3526,3484,3536,3378,3543,3563,3486,3438,3472,3485,3300,3083,3139,3031,2983,3013,2908,3038,3096,3265,3199,3300,3417,3460,3599,3626,3723,3792,3890,4067,3843,3676,3447,3437,3571,3388,3400,3504,3354,3551,3194,3050,3048,2791,2967,2815
Jun-2003,1888,1851,1824,1792,1754,1830,1734,1808,1826,1762,1729,1788,1779,1690,1581,1580,1478,1507,1467,1446,1560,1714,1771,1670,1690,1757,1739,1856,1857,1828,1847,1835,2033,1908,1802,1766,1713,1841,1735,1789,1808,1740,1800,1652,1563,1531,1444,1503,1414,1412,1430,1380,1404,1337,1248,1188,1217,1036,920,814,749,772,730,676,511,470,425,394,305,265,246,254,243,229,209,187,171,138,116,95,86,66,62,47,41,32,22,31,32,13,9,13,6,7,6,3,6,0,2,0,5,1812,1712,1778,1666,1652,1635,1587,1658,1655,1653,1667,1648,1627,1584,1440,1477,1431,1449,1463,1446,1491,1513,1545,1568,1573,1651,1667,1708,1646,1818,1786,1892,1958,1851,1753,1669,1636,1673,1564,1556,1606,1584,1649,1499,1429,1454,1363,1418,1367,1287,1256,1214,1241,1108,1027,969,912,788,695,677,579,556,560,424,374,341,290,314,244,241,206,199,227,162,166,171,128,137,126,100,97,86,105,92,52,60,37,54,34,16,21,22,17,12,12,6,4,1,4,0,7,3700,3563,3602,3458,3406,3465,3321,3466,3481,3415,3396,3436,3406,3274,3021,3057,2909,2956,2930,2892,3051,3227,3316,3238,3263,3408,3406,3564,3503,3646,3633,3727,3991,3759,3555,3435,3349,3514,3299,3345,3414,3324,3449,3151,2992,2985,2807,2921
Jun-2004,1832,1847,1824,1813,1749,1732,1811,1713,1770,1813,1733,1726,1742,1749,1694,1540,1532,1464,1520,1515,1543,1627,1681,1803,1675,1697,1724,1699,1835,1777,1810,1802,1829,2003,1894,1756,1706,1690,1804,1674,1739,1757,1712,1747,1624,1544,1530,1466,1474,1380,1401,1406,1366,1410,1323,1193,1145,1187,1020,899,798,724,759,695,643,491,452,391,379,290,245,230,235,226,214,190,167,157,131,100,86,73,58,53,44,39,24,21,28,28,10,8,10,4,7,4,3,5,2,3,4,1703,1772,1718,1752,1633,1616,1623,1566,1630,1644,1647,1666,1629,1602,1571,1408,1442,1400,1444,1442,1473,1564,1566,1634,1611,1630,1689,1659,1762,1646,1795,1792,1885,1893,1830,1707,1657,1590,1659,1518,1551,1559,1558,1641,1492,1428,1432,1374,1394,1345,1271,1238,1200,1202,1084,987,938,898,792,669,666,562,537,535,411,358,334,282,292,236,232,201,184,214,158,163,164,125,130,117,98,90,80,87,85,49,56,31,48,29,9,17,13,11,10,12,5,2,0,3,4,3535,3619,3542,3565,3382,3348,3434,3279,3400,3457,3380,3392,3371,3351,3265,2948,2974,2864,2964,2957,3016,3191,3247,3437,3286,3327,3413,3358,3597,3423,3605,3594,3714,3896,3724,3463,3363,3280,3463,3192,3290,3316,3270,3388,3116,2972,2962,2840
Jun-2005,1769,1795,1846,1806,1822,1733,1739,1821,1716,1750,1793,1719,1719,1726,1718,1701,1548,1535,1472,1570,1570,1659,1701,1698,1834,1665,1727,1751,1753,1857,1798,1850,1811,1815,2012,1923,1704,1693,1672,1784,1649,1734,1731,1699,1750,1614,1533,1527,1470,1461,1365,1394,1395,1348,1383,1309,1173,1132,1167,1010,877,783,711,736,657,635,472,436,375,357,274,235,212,221,203,199,174,156,140,125,81,74,62,56,46,41,34,21,15,21,18,7,7,9,3,6,2,2,3,2,3,1701,1692,1739,1719,1755,1634,1605,1640,1568,1638,1630,1645,1656,1592,1594,1569,1402,1427,1386,1475,1483,1557,1678,1651,1723,1711,1678,1743,1690,1811,1680,1790,1798,1864,1886,1829,1671,1658,1583,1632,1493,1564,1564,1543,1625,1520,1425,1430,1385,1386,1329,1271,1255,1190,1185,1076,988,922,885,795,647,654,541,516,519,411,337,327,273,272,225,224,191,171,192,152,152,152,123,122,117,95,91,71,68,79,49,47,28,43,25,8,16,8,10,7,8,5,2,0,3,3470,3487,3585,3525,3577,3367,3344,3461,3284,3388,3423,3364,3375,3318,3312,3270,2950,2962,2858,3045,3053,3216,3379,3349,3557,3376,3405,3494,3443,3668,3478,3640,3609,3679,3898,3752,3375,3351,3255,3416,3142,3298,3295,3242,3375,3134,2958,2957
Jun-2006,1860,1767,1744,1838,1768,1829,1730,1706,1803,1713,1745,1763,1672,1720,1698,1707,1706,1560,1545,1511,1698,1618,1780,1807,1779,1868,1693,1716,1727,1763,1877,1793,1849,1767,1838,2026,1909,1680,1687,1660,1777,1648,1710,1721,1692,1722,1613,1533,1530,1466,1485,1380,1379,1371,1335,1361,1309,1136,1119,1150,991,844,777,685,714,628,605,443,429,370,343,270,225,203,216,197,203,163,146,136,119,72,66,55,58,36,36,28,18,18,18,16,2,7,4,2,1,1,0,0,0,1775,1673,1680,1727,1729,1783,1630,1582,1630,1536,1607,1603,1620,1647,1582,1567,1579,1399,1391,1392,1545,1560,1637,1750,1696,1798,1769,1728,1753,1715,1812,1674,1793,1743,1837,1849,1791,1660,1655,1561,1619,1474,1572,1561,1520,1619,1497,1411,1421,1386,1376,1336,1283,1257,1163,1134,1069,970,899,862,807,640,638,535,500,508,412,324,331,282,274,233,232,187,175,186,165,155,147,122,113,114,89,86,66,56,68,47,36,26,42,23,9,14,9,7,4,2,3,1,0,3635,3440,3424,3565,3497,3612,3360,3288,3433,3249,3352,3366,3292,3367,3280,3274,3285,2959,2936,2903,3243,3178,3417,3557,3475,3666,3462,3444,3480,3478,3689,3467,3642,3510,3675,3875,3700,3340,3342,3221,3396,3122,3282,3282,3212,3341,3110,2944
Jun-2007,1939,1878,1788,1741,1827,1740,1823,1705,1671,1811,1713,1734,1785,1671,1686,1671,1706,1702,1585,1640,1656,1851,1765,1950,1961,1891,1970,1748,1761,1762,1815,1911,1824,1849,1790,1844,2041,1916,1706,1686,1669,1748,1648,1685,1738,1684,1710,1578,1517,1521,1481,1486,1399,1382,1347,1313,1337,1278,1117,1076,1124,958,816,753,665,678,618,575,430,410,356,323,267,209,187,198,180,188,153,134,128,98,65,60,55,48,32,30,24,16,15,15,14,3,6,2,2,1,0,0,0,1783,1787,1682,1680,1757,1728,1787,1655,1579,1618,1545,1595,1592,1584,1619,1557,1568,1582,1428,1434,1460,1617,1656,1791,1911,1813,1910,1829,1781,1774,1734,1819,1680,1778,1757,1816,1863,1781,1666,1635,1568,1595,1462,1565,1553,1533,1624,1459,1407,1424,1383,1384,1334,1268,1235,1146,1119,1010,949,863,839,773,620,607,514,484,488,401,323,321,268,264,223,223,179,172,171,155,146,139,115,102,108,82,83,64,58,64,40,35,19,31,19,9,11,10,5,3,2,2,1,3722,3665,3470,3421,3584,3468,3610,3360,3250,3429,3258,3329,3377,3255,3305,3228,3274,3284,3013,3074,3116,3468,3421,3741,3872,3704,3880,3577,3542,3536,3549,3730,3504,3627,3547,3660,3904,3697,3372,3321,3237,3343,3110,3250,3291,3217,3334,3037
Jun-2008,1976,1931,1873,1803,1752,1843,1770,1865,1722,1701,1813,1721,1731,1789,1678,1685,1661,1707,1728,1728,1818,1875,2033,1960,2136,2128,1982,2066,1880,1873,1797,1867,1950,1856,1862,1838,1892,2039,1958,1736,1693,1686,1744,1633,1670,1745,1704,1708,1598,1562,1531,1493,1472,1403,1394,1331,1300,1319,1258,1118,1065,1083,918,810,715,637,638,587,544,406,396,333,303,259,205,176,185,172,171,136,118,118,87,55,54,45,41,23,25,20,13,11,14,11,2,6,2,1,1,0,0,1873,1792,1789,1690,1679,1764,1730,1759,1629,1580,1610,1549,1563,1563,1558,1608,1529,1572,1598,1472,1512,1581,1734,1806,1956,2034,1910,1985,1870,1822,1806,1768,1822,1690,1780,1794,1833,1890,1785,1663,1623,1573,1610,1482,1545,1569,1553,1608,1445,1430,1441,1363,1373,1318,1261,1217,1113,1108,972,925,847,810,727,595,581,490,464,472,391,318,305,261,252,219,221,173,162,159,140,142,131,104,90,96,79,76,57,53,53,34,33,17,26,16,8,9,9,3,2,1,0,3849,3723,3662,3493,3431,3607,3500,3624,3351,3281,3423,3270,3294,3352,3236,3293,3190,3279,3326,3200,3330,3456,3767,3766,4092,4162,3892,4051,3750,3695,3603,3635,3772,3546,3642,3632,3725,3929,3743,3399,3316,3259,3354,3115,3215,3314,3257,3316
Jun-2009,1969,1945,1925,1891,1827,1762,1817,1750,1870,1748,1721,1816,1715,1725,1812,1686,1693,1645,1775,1872,1896,1978,2090,2244,2140,2254,2290,2087,2163,1947,1934,1822,1875,1990,1885,1886,1895,1960,2057,1936,1765,1702,1701,1770,1676,1650,1754,1700,1715,1596,1563,1535,1501,1470,1415,1400,1318,1283,1294,1221,1100,1039,1063,881,784,679,618,604,575,522,379,374,318,288,250,196,168,168,166,155,129,112,100,75,45,46,40,36,17,18,14,6,6,11,7,1,5,2,0,1,1,1878,1861,1782,1796,1700,1683,1760,1725,1753,1629,1574,1599,1548,1549,1572,1536,1587,1512,1606,1623,1575,1624,1728,1903,1981,2059,2117,1987,2065,1912,1832,1813,1786,1865,1735,1788,1807,1808,1918,1790,1669,1627,1595,1618,1494,1539,1571,1537,1603,1443,1439,1445,1375,1360,1332,1252,1200,1086,1093,932,902,828,788,702,583,563,466,437,458,373,304,289,246,240,216,207,169,157,150,127,138,127,96,79,84,69,71,50,46,40,26,30,17,22,10,4,5,9,2,0,0,3847,3806,3707,3687,3527,3445,3577,3475,3623,3377,3295,3415,3263,3274,3384,3222,3280,3157,3381,3495,3471,3602,3818,4147,4121,4313,4407,4074,4228,3859,3766,3635,3661,3855,3620,3674,3702,3768,3975,3726,3434,3329,3296,3388,3170,3189,3325,3237
Jun-2010,2001,1942,1941,1899,1895,1852,1742,1801,1738,1853,1734,1699,1789,1691,1709,1807,1704,1677,1683,1864,2032,2076,2114,2228,2341,2271,2301,2307,2181,2245,2013,1939,1826,1828,1952,1866,1875,1888,1971,2095,1895,1760,1693,1689,1736,1662,1619,1733,1724,1700,1564,1555,1516,1470,1461,1408,1376,1298,1268,1279,1182,1093,1029,1038,859,760,652,578,560,570,503,361,357,301,269,240,177,162,158,155,149,123,101,87,61,39,39,33,34,13,17,12,5,3,7,6,1,4,1,0,1,1849,1847,1839,1767,1791,1708,1659,1757,1720,1750,1621,1554,1579,1548,1520,1572,1527,1565,1474,1625,1637,1610,1721,1862,2021,2075,2101,2155,2054,2086,1920,1817,1800,1760,1853,1750,1785,1788,1803,1916,1781,1696,1623,1585,1596,1503,1549,1562,1529,1590,1439,1425,1439,1362,1349,1307,1214,1169,1058,1080,911,877,800,760,661,565,541,447,423,447,363,285,275,233,221,207,195,161,147,145,125,130,124,91,75,79,59,59,45,44,31,21,21,17,17,8,3,3,3,1,0,3850,3789,3780,3666,3686,3560,3401,3558,3458,3603,3355,3253,3368,3239,3229,3379,3231,3242,3157,3489,3669,3686,3835,4090,4362,4346,4402,4462,4235,4331,3933,3756,3626,3588,3805,3616,3660,3676,3774,4011,3676,3456,3316,3274,3332,3165,3168,3295
Jun-2011,1924,1983,1908,1904,1890,1893,1843,1736,1790,1731,1832,1697,1685,1758,1676,1693,1810,1693,1684,1735,1924,2076,2105,2154,2242,2413,2292,2244,2343,2221,2257,2000,1934,1813,1837,1910,1853,1869,1885,1933,2073,1858,1776,1708,1691,1710,1636,1591,1692,1719,1715,1532,1559,1512,1458,1457,1407,1346,1262,1239,1240,1135,1076,985,1014,802,735,613,535,540,542,471,331,331,289,251,226,162,158,150,150,137,110,92,77,52,35,32,30,27,9,15,8,2,1,3,3,0,1,1,1,1726,1823,1798,1809,1727,1779,1713,1671,1739,1680,1736,1577,1555,1535,1516,1469,1547,1491,1515,1459,1655,1663,1710,1851,1999,2048,2101,2101,2130,2036,2087,1876,1820,1794,1733,1829,1730,1738,1772,1744,1937,1788,1678,1599,1580,1573,1488,1527,1551,1518,1583,1420,1422,1437,1338,1309,1265,1172,1132,1024,1050,870,827,779,741,626,556,520,414,411,423,349,266,266,221,204,198,186,151,144,135,117,125,111,86,65,72,51,57,40,42,20,17,15,11,11,4,3,2,0,0,3650,3806,3706,3713,3617,3672,3556,3407,3529,3411,3568,3274,3240,3293,3192,3162,3357,3184,3199,3194,3579,3739,3815,4005,4241,4461,4393,4345,4473,4257,4344,3876,3754,3607,3570,3739,3583,3607,3657,3677,4010,3646,3454,3307,3271,3283,3124,3118
Jun-2012,2012,1941,1977,1882,1899,1888,1857,1812,1716,1779,1719,1800,1676,1647,1728,1625,1642,1805,1686,1690,1771,2063,2207,2274,2344,2365,2497,2333,2331,2425,2273,2272,2016,1942,1860,1869,1921,1855,1887,1866,1901,2093,1864,1760,1720,1706,1695,1653,1612,1681,1694,1709,1524,1529,1491,1421,1441,1375,1316,1247,1179,1200,1102,1047,956,962,753,697,579,524,515,517,448,311,312,270,230,212,150,144,135,140,123,97,82,73,40,31,30,27,25,11,13,6,0,1,3,1,0,1,2,1982,1758,1815,1815,1796,1707,1759,1673,1644,1708,1655,1717,1569,1525,1507,1475,1440,1534,1498,1521,1575,1754,1816,1878,1991,2203,2173,2187,2202,2197,2148,2104,1895,1834,1795,1742,1826,1723,1750,1752,1755,1913,1778,1714,1618,1588,1567,1489,1539,1558,1529,1560,1422,1412,1392,1330,1290,1246,1165,1115,1010,1017,836,794,735,700,608,531,507,405,400,401,340,254,255,219,204,184,174,146,141,128,109,114,106,80,62,65,46,51,37,33,16,13,12,10,9,3,2,1,1,3994,3699,3792,3697,3695,3595,3616,3485,3360,3487,3374,3517,3245,3172,3235,3100,3082,3339,3184,3211,3346,3817,4023,4152,4335,4568,4670,4520,4533,4622,4421,4376,3911,3776,3655,3611,3747,3578,3637,3618,3656,4006,3642,3474,3338,3294,3262,3142
Jun-2013,2010,2035,1979,1982,1884,1895,1865,1835,1800,1682,1744,1702,1782,1668,1653,1714,1600,1633,1794,1717,1810,1940,2244,2438,2483,2555,2581,2579,2468,2421,2542,2356,2314,2074,2016,1925,1927,1955,1871,1921,1869,1917,2111,1880,1766,1699,1724,1702,1655,1644,1695,1694,1686,1542,1511,1438,1388,1423,1337,1253,1210,1145,1153,1050,1004,908,932,725,671,559,484,497,492,419,287,283,241,218,198,139,135,129,121,111,87,75,69,38,28,25,23,23,10,8,4,0,0,2,0,1,3,1976,1956,1805,1804,1821,1812,1728,1743,1639,1611,1666,1640,1689,1577,1506,1467,1458,1415,1518,1531,1596,1714,1906,2007,2058,2171,2344,2272,2309,2266,2280,2168,2075,1887,1852,1820,1791,1856,1730,1738,1735,1768,1870,1741,1702,1629,1577,1569,1487,1522,1567,1532,1532,1416,1403,1372,1314,1253,1216,1119,1072,982,970,817,770,712,681,580,503,489,396,384,383,330,241,244,206,200,174,169,141,133,126,99,109,90,68,48,52,40,43,33,25,15,7,9,7,6,3,2,2,3986,3991,3784,3786,3705,3707,3593,3578,3439,3293,3410,3342,3471,3245,3159,3181,3058,3048,3312,3248,3406,3654,4150,4445,4541,4726,4925,4851,4777,4687,4822,4524,4389,3961,3868,3745,3718,3811,3601,3659,3604,3685,3981,3621,3468,3328,3301,3271
Jun-2014,2000,1955,2003,1976,1960,1837,1869,1850,1812,1749,1653,1701,1664,1730,1634,1609,1657,1560,1561,1745,1738,1856,2021,2305,2529,2571,2637,2576,2569,2535,2470,2466,2276,2251,2065,2015,1937,1907,1920,1825,1925,1849,1901,2077,1847,1758,1690,1716,1686,1631,1640,1677,1678,1658,1527,1451,1397,1347,1381,1304,1214,1173,1103,1080,1015,950,853,881,679,645,523,461,474,462,395,267,269,215,206,173,129,124,115,106,100,75,64,53,31,26,22,18,17,11,6,4,0,0,2,0,4,1904,1940,1926,1810,1793,1801,1807,1707,1696,1600,1574,1627,1593,1602,1533,1445,1438,1410,1385,1531,1577,1668,1800,2022,2187,2209,2251,2303,2282,2354,2288,2282,2122,2054,1889,1846,1806,1792,1818,1700,1721,1677,1769,1842,1706,1682,1619,1577,1581,1484,1497,1552,1539,1504,1412,1369,1321,1284,1205,1175,1085,1044,957,922,793,735,684,630,561,481,460,389,375,362,312,225,226,205,192,167,164,133,123,118,91,100,80,65,45,46,38,33,29,21,13,4,5,6,5,2,1,3904,3895,3929,3786,3753,3638,3676,3557,3508,3349,3227,3328,3257,3332,3167,3054,3095,2970,2946,3276,3315,3524,3821,4327,4716,4780,4888,4879,4851,4889,4758,4748,4398,4305,3954,3861,3743,3699,3738,3525,3646,3526,3670,3919,3553,3440,3309,3293
Jun-2015,2062,1960,1926,1973,1962,1957,1824,1839,1838,1780,1691,1636,1671,1636,1689,1596,1562,1623,1531,1610,1886,1923,2071,2218,2420,2584,2589,2635,2592,2574,2505,2423,2411,2237,2255,2029,1993,1918,1882,1899,1804,1917,1823,1869,2056,1827,1741,1688,1699,1667,1610,1644,1663,1639,1614,1517,1415,1350,1307,1338,1259,1160,1142,1052,1005,973,898,807,813,634,589,489,436,455,427,370,250,245,195,185,140,113,113,99,97,88,71,57,43,23,23,16,15,14,8,5,4,0,0,0,3,1884,1842,1908,1897,1809,1780,1789,1799,1701,1672,1570,1547,1574,1564,1530,1492,1416,1371,1376,1391,1563,1641,1742,1946,2108,2286,2302,2334,2349,2322,2367,2265,2257,2127,2032,1890,1855,1799,1741,1806,1656,1712,1635,1756,1823,1690,1681,1618,1575,1580,1459,1480,1533,1510,1467,1382,1337,1291,1271,1172,1122,1048,991,919,877,767,709,656,594,528,450,436,385,372,344,299,212,221,202,184,161,158,123,118,110,89,92,72,56,45,37,33,27,20,19,11,3,5,6,3,2,3946,3802,3834,3870,3771,3737,3613,3638,3539,3452,3261,3183,3245,3200,3219,3088,2978,2994,2907,3001,3449,3564,3813,4164,4528,4870,4891,4969,4941,4896,4872,4688,4668,4364,4287,3919,3848,3717,3623,3705,3460,3629,3458,3625,3879,3517,3422,3306
Jun-2016,2067,1982,1933,1884,1978,1973,1942,1845,1847,1798,1752,1641,1596,1651,1608,1640,1585,1526,1590,1571,1659,1937,1988,2043,2246,2416,2562,2526,2559,2521,2508,2458,2387,2377,2183,2166,2001,1985,1877,1874,1867,1790,1907,1799,1854,2032,1809,1743,1661,1686,1648,1584,1624,1651,1613,1551,1493,1369,1308,1276,1284,1220,1113,1116,1004,925,914,844,763,748,591,540,465,426,430,393,340,224,227,180,179,118,104,98,88,84,69,61,49,37,20,22,10,12,13,7,4,5,1,0,1,2016,1876,1814,1909,1897,1804,1773,1782,1792,1682,1648,1524,1508,1538,1538,1479,1458,1383,1325,1364,1417,1556,1697,1891,2072,2276,2295,2379,2431,2402,2365,2363,2244,2241,2136,1986,1909,1861,1790,1719,1776,1636,1700,1581,1748,1780,1681,1667,1618,1572,1578,1433,1475,1530,1493,1438,1369,1308,1240,1226,1137,1069,1015,956,872,835,751,664,620,577,493,423,405,375,362,322,286,207,212,190,168,158,148,107,108,102,79,85,61,49,41,37,30,20,16,13,7,2,4,5,2,4083,3858,3747,3793,3875,3777,3715,3627,3639,3480,3400,3165,3104,3189,3146,3119,3043,2909,2915,2935,3076,3493,3685,3934,4318,4692,4857,4905,4990,4923,4873,4821,4631,4618,4319,4152,3910,3846,3667,3593,3643,3426,3607,3380,3602,3812,3490,3410
Jun-2017,2025,2042,1943,1919,1856,1967,1946,1922,1839,1819,1775,1745,1634,1600,1644,1601,1639,1558,1527,1653,1736,1690,1960,2046,2112,2332,2481,2591,2504,2588,2585,2516,2413,2361,2415,2162,2137,1967,1953,1845,1857,1843,1794,1863,1735,1824,2016,1773,1695,1634,1662,1645,1566,1603,1628,1581,1512,1455,1334,1270,1260,1241,1172,1076,1079,966,870,867,805,732,700,567,502,439,399,409,368,314,207,216,164,161,104,90,87,78,72,59,54,47,34,19,19,8,10,7,6,3,4,1,1,1874,1985,1835,1780,1875,1889,1789,1772,1759,1785,1662,1635,1510,1481,1515,1523,1455,1424,1357,1334,1371,1466,1665,1799,1988,2231,2335,2378,2428,2509,2502,2343,2337,2244,2200,2119,1977,1872,1827,1783,1699,1744,1611,1679,1568,1718,1752,1650,1644,1596,1542,1576,1407,1442,1491,1456,1407,1340,1260,1193,1170,1089,1035,984,943,838,789,713,636,599,546,466,398,388,353,340,303,275,194,192,185,161,148,135,100,97,93,72,80,53,47,39,28,27,19,14,11,5,1,3,5,3899,4027,3778,3699,3731,3856,3735,3694,3598,3604,3437,3380,3144,3081,3159,3124,3094,2982,2884,2987,3107,3156,3625,3845,4100,4563,4816,4969,4932,5097,5087,4859,4750,4605,4615,4281,4114,3839,3780,3628,3556,3587,3405,3542,3303,3542,3768,3423
Jun-2018,1907,1943,1958,1891,1881,1827,1946,1923,1892,1810,1802,1754,1743,1623,1601,1643,1580,1620,1550,1553,1732,1763,1738,2026,2120,2159,2311,2524,2579,2439,2533,2518,2460,2363,2263,2305,2075,2076,1889,1879,1789,1831,1810,1774,1810,1696,1789,1971,1742,1679,1620,1616,1583,1545,1559,1588,1544,1472,1399,1284,1201,1224,1196,1134,1032,1022,902,817,829,772,705,669,542,478,421,388,391,339,297,193,205,156,151,96,85,79,73,63,55,46,38,28,15,14,3,9,6,6,3,4,1,1760,1785,1912,1772,1731,1840,1855,1749,1756,1740,1777,1628,1616,1486,1462,1493,1495,1430,1412,1347,1351,1432,1551,1752,1856,2042,2273,2387,2454,2414,2551,2446,2301,2333,2177,2138,2048,1931,1856,1817,1742,1660,1731,1572,1643,1541,1685,1734,1634,1599,1576,1521,1565,1391,1416,1475,1428,1379,1314,1238,1134,1118,1052,993,926,900,807,763,681,609,569,523,449,382,373,342,320,292,266,185,181,175,154,136,121,94,93,88,62,70,47,42,32,25,24,14,9,8,4,1,6,3667,3728,3870,3663,3612,3667,3801,3672,3648,3550,3579,3382,3359,3109,3063,3136,3075,3050,2962,2900,3083,3195,3289,3778,3976,4201,4584,4911,5033,4853,5084,4964,4761,4696,4440,4443,4123,4007,3745,3696,3531,3491,3541,3346,3453,3237,3474,3705
Jun-2019,1882,1855,1898,1889,1837,1830,1799,1902,1898,1869,1764,1774,1717,1723,1600,1584,1631,1540,1606,1562,1616,1751,1786,1748,2099,2134,2234,2334,2490,2561,2400,2510,2478,2355,2307,2167,2244,2023,1991,1812,1847,1720,1780,1763,1709,1761,1652,1716,1900,1682,1627,1561,1590,1551,1526,1512,1536,1519,1426,1355,1245,1137,1166,1142,1088,971,951,848,781,793,742,672,644,519,460,396,376,366,321,282,181,188,140,134,86,76,71,68,51,46,38,35,22,10,11,3,5,6,6,3,4,1711,1692,1715,1847,1737,1695,1820,1840,1712,1724,1686,1745,1597,1607,1456,1431,1449,1495,1403,1414,1371,1430,1533,1652,1799,1975,2138,2301,2438,2457,2401,2486,2392,2223,2292,2105,2098,1984,1874,1839,1784,1711,1621,1704,1536,1631,1524,1673,1690,1602,1602,1552,1489,1518,1361,1375,1437,1386,1344,1278,1197,1098,1095,1025,963,899,859,797,734,661,585,546,501,433,362,356,331,314,291,258,176,173,167,140,126,114,85,85,84,54,60,40,37,29,17,21,10,7,7,3,4,3593,3547,3613,3736,3574,3525,3619,3742,3610,3593,3450,3519,3314,3330,3056,3015,3080,3035,3009,2976,2987,3181,3319,3400,3898,4109,4372,4635,4928,5018,4801,4996,4870,4578,4599,4272,4342,4007,3865,3651,3631,3431,3401,3467,3245,3392,3176,3389
Jun-2020,1858,1820,1821,1864,1876,1808,1816,1775,1888,1863,1867,1731,1744,1701,1709,1592,1578,1614,1539,1603,1553,1555,1664,1794,1809,2088,2131,2175,2291,2468,2540,2331,2434,2422,2291,2208,2114,2182,1958,1902,1738,1792,1687,1750,1737,1643,1722,1635,1680,1852,1641,1597,1516,1561,1514,1495,1480,1502,1495,1403,1331,1217,1128,1158,1117,1059,932,916,822,755,771,722,650,631,506,445,389,356,350,310,272,169,176,133,126,75,68,62,60,39,37,32,31,19,7,11,2,5,6,6,7,1690,1690,1642,1668,1833,1693,1662,1800,1819,1680,1685,1663,1731,1583,1568,1432,1418,1437,1487,1427,1450,1437,1491,1620,1721,1888,2011,2187,2328,2464,2491,2395,2426,2335,2190,2233,2069,2058,1938,1842,1775,1763,1690,1611,1706,1521,1618,1482,1641,1661,1570,1592,1554,1472,1486,1349,1366,1439,1373,1328,1261,1172,1089,1075,1005,941,879,834,782,731,647,572,534,501,428,352,341,313,308,283,256,175,167,158,129,116,106,74,78,75,47,56,33,35,26,14,18,9,6,7,6,3548,3510,3463,3532,3709,3501,3478,3575,3707,3543,3552,3394,3475,3284,3277,3024,2996,3051,3026,3030,3003,2992,3155,3414,3530,3976,4142,4362,4619,4932,5031,4726,4860,4757,4481,4441,4183,4240,3896,3744,3513,3555,3377,3361,3443,3164,3340,3117